INSERT INTO `element` (`elementId`, `elementName`) VALUES
(1, 'dirt'),
(2, 'wall'),
(3, 'rock'),
(4, 'diamond'),
(5, 'player'),
(6, 'classic monster'),
(7, 'diamond monter'),
(8, 'background');



INSERT INTO `level` (`levelId`, `levelName`, `levelObjectif`) VALUES
(1, 'level 1', 10),
(2, 'level 2', 4),
(3, 'level 3', 3),
(4, 'level 4', 8),
(5, 'level 5', 18);



INSERT INTO `location` (`locationId`, `posX`, `posY`) VALUES
(1, 1, 1),
(2, 2, 1),
(3, 3, 1),
(4, 4, 1),
(5, 5, 1),
(6, 6, 1),
(7, 7, 1),
(8, 8, 1),
(9, 9, 1),
(10, 10, 1),
(11, 11, 1),
(12, 12, 1),
(13, 13, 1),
(14, 14, 1),
(15, 15, 1),
(16, 16, 1),
(17, 17, 1),
(18, 18, 1),
(19, 19, 1),
(20, 20, 1),
(21, 21, 1),
(22, 22, 1),
(23, 23, 1),
(24, 24, 1),
(25, 25, 1),
(26, 26, 1),
(27, 27, 1),
(28, 28, 1),
(29, 29, 1),
(30, 30, 1),
(31, 31, 1),
(32, 32, 1),
(33, 33, 1),
(34, 34, 1),
(35, 35, 1),
(36, 36, 1),
(37, 37, 1),
(38, 38, 1),
(39, 39, 1),
(40, 40, 1),
(41, 1, 2),
(42, 2, 2),
(43, 3, 2),
(44, 4, 2),
(45, 5, 2),
(46, 6, 2),
(47, 7, 2),
(48, 8, 2),
(49, 9, 2),
(50, 10, 2),
(51, 11, 2),
(52, 12, 2),
(53, 13, 2),
(54, 14, 2),
(55, 15, 2),
(56, 16, 2),
(57, 17, 2),
(58, 18, 2),
(59, 19, 2),
(60, 20, 2),
(61, 21, 2),
(62, 22, 2),
(63, 23, 2),
(64, 24, 2),
(65, 25, 2),
(66, 26, 2),
(67, 27, 2),
(68, 28, 2),
(69, 29, 2),
(70, 30, 2),
(71, 31, 2),
(72, 32, 2),
(73, 33, 2),
(74, 34, 2),
(75, 35, 2),
(76, 36, 2),
(77, 37, 2),
(78, 38, 2),
(79, 39, 2),
(80, 40, 2),
(81, 1, 3),
(82, 2, 3),
(83, 3, 3),
(84, 4, 3),
(85, 5, 3),
(86, 6, 3),
(87, 7, 3),
(88, 8, 3),
(89, 9, 3),
(90, 10, 3),
(91, 11, 3),
(92, 12, 3),
(93, 13, 3),
(94, 14, 3),
(95, 15, 3),
(96, 16, 3),
(97, 17, 3),
(98, 18, 3),
(99, 19, 3),
(100, 20, 3),
(101, 21, 3),
(102, 22, 3),
(103, 23, 3),
(104, 24, 3),
(105, 25, 3),
(106, 26, 3),
(107, 27, 3),
(108, 28, 3),
(109, 29, 3),
(110, 30, 3),
(111, 31, 3),
(112, 32, 3),
(113, 33, 3),
(114, 34, 3),
(115, 35, 3),
(116, 36, 3),
(117, 37, 3),
(118, 38, 3),
(119, 39, 3),
(120, 40, 3),
(121, 1, 4),
(122, 2, 4),
(123, 3, 4),
(124, 4, 4),
(125, 5, 4),
(126, 6, 4),
(127, 7, 4),
(128, 8, 4),
(129, 9, 4),
(130, 10, 4),
(131, 11, 4),
(132, 12, 4),
(133, 13, 4),
(134, 14, 4),
(135, 15, 4),
(136, 16, 4),
(137, 17, 4),
(138, 18, 4),
(139, 19, 4),
(140, 20, 4),
(141, 21, 4),
(142, 22, 4),
(143, 23, 4),
(144, 24, 4),
(145, 25, 4),
(146, 26, 4),
(147, 27, 4),
(148, 28, 4),
(149, 29, 4),
(150, 30, 4),
(151, 31, 4),
(152, 32, 4),
(153, 33, 4),
(154, 34, 4),
(155, 35, 4),
(156, 36, 4),
(157, 37, 4),
(158, 38, 4),
(159, 39, 4),
(160, 40, 4),
(161, 1, 5),
(162, 2, 5),
(163, 3, 5),
(164, 4, 5),
(165, 5, 5),
(166, 6, 5),
(167, 7, 5),
(168, 8, 5),
(169, 9, 5),
(170, 10, 5),
(171, 11, 5),
(172, 12, 5),
(173, 13, 5),
(174, 14, 5),
(175, 15, 5),
(176, 16, 5),
(177, 17, 5),
(178, 18, 5),
(179, 19, 5),
(180, 20, 5),
(181, 21, 5),
(182, 22, 5),
(183, 23, 5),
(184, 24, 5),
(185, 25, 5),
(186, 26, 5),
(187, 27, 5),
(188, 28, 5),
(189, 29, 5),
(190, 30, 5),
(191, 31, 5),
(192, 32, 5),
(193, 33, 5),
(194, 34, 5),
(195, 35, 5),
(196, 36, 5),
(197, 37, 5),
(198, 38, 5),
(199, 39, 5),
(200, 40, 5),
(201, 1, 6),
(202, 2, 6),
(203, 3, 6),
(204, 4, 6),
(205, 5, 6),
(206, 6, 6),
(207, 7, 6),
(208, 8, 6),
(209, 9, 6),
(210, 10, 6),
(211, 11, 6),
(212, 12, 6),
(213, 13, 6),
(214, 14, 6),
(215, 15, 6),
(216, 16, 6),
(217, 17, 6),
(218, 18, 6),
(219, 19, 6),
(220, 20, 6),
(221, 21, 6),
(222, 22, 6),
(223, 23, 6),
(224, 24, 6),
(225, 25, 6),
(226, 26, 6),
(227, 27, 6),
(228, 28, 6),
(229, 29, 6),
(230, 30, 6),
(231, 31, 6),
(232, 32, 6),
(233, 33, 6),
(234, 34, 6),
(235, 35, 6),
(236, 36, 6),
(237, 37, 6),
(238, 38, 6),
(239, 39, 6),
(240, 40, 6),
(241, 1, 7),
(242, 2, 7),
(243, 3, 7),
(244, 4, 7),
(245, 5, 7),
(246, 6, 7),
(247, 7, 7),
(248, 8, 7),
(249, 9, 7),
(250, 10, 7),
(251, 11, 7),
(252, 12, 7),
(253, 13, 7),
(254, 14, 7),
(255, 15, 7),
(256, 16, 7),
(257, 17, 7),
(258, 18, 7),
(259, 19, 7),
(260, 20, 7),
(261, 21, 7),
(262, 22, 7),
(263, 23, 7),
(264, 24, 7),
(265, 25, 7),
(266, 26, 7),
(267, 27, 7),
(268, 28, 7),
(269, 29, 7),
(270, 30, 7),
(271, 31, 7),
(272, 32, 7),
(273, 33, 7),
(274, 34, 7),
(275, 35, 7),
(276, 36, 7),
(277, 37, 7),
(278, 38, 7),
(279, 39, 7),
(280, 40, 7),
(281, 1, 8),
(282, 2, 8),
(283, 3, 8),
(284, 4, 8),
(285, 5, 8),
(286, 6, 8),
(287, 7, 8),
(288, 8, 8),
(289, 9, 8),
(290, 10, 8),
(291, 11, 8),
(292, 12, 8),
(293, 13, 8),
(294, 14, 8),
(295, 15, 8),
(296, 16, 8),
(297, 17, 8),
(298, 18, 8),
(299, 19, 8),
(300, 20, 8),
(301, 21, 8),
(302, 22, 8),
(303, 23, 8),
(304, 24, 8),
(305, 25, 8),
(306, 26, 8),
(307, 27, 8),
(308, 28, 8),
(309, 29, 8),
(310, 30, 8),
(311, 31, 8),
(312, 32, 8),
(313, 33, 8),
(314, 34, 8),
(315, 35, 8),
(316, 36, 8),
(317, 37, 8),
(318, 38, 8),
(319, 39, 8),
(320, 40, 8),
(321, 1, 9),
(322, 2, 9),
(323, 3, 9),
(324, 4, 9),
(325, 5, 9),
(326, 6, 9),
(327, 7, 9),
(328, 8, 9),
(329, 9, 9),
(330, 10, 9),
(331, 11, 9),
(332, 12, 9),
(333, 13, 9),
(334, 14, 9),
(335, 15, 9),
(336, 16, 9),
(337, 17, 9),
(338, 18, 9),
(339, 19, 9),
(340, 20, 9),
(341, 21, 9),
(342, 22, 9),
(343, 23, 9),
(344, 24, 9),
(345, 25, 9),
(346, 26, 9),
(347, 27, 9),
(348, 28, 9),
(349, 29, 9),
(350, 30, 9),
(351, 31, 9),
(352, 32, 9),
(353, 33, 9),
(354, 34, 9),
(355, 35, 9),
(356, 36, 9),
(357, 37, 9),
(358, 38, 9),
(359, 39, 9),
(360, 40, 9),
(361, 1, 10),
(362, 2, 10),
(363, 3, 10),
(364, 4, 10),
(365, 5, 10),
(366, 6, 10),
(367, 7, 10),
(368, 8, 10),
(369, 9, 10),
(370, 10, 10),
(371, 11, 10),
(372, 12, 10),
(373, 13, 10),
(374, 14, 10),
(375, 15, 10),
(376, 16, 10),
(377, 17, 10),
(378, 18, 10),
(379, 19, 10),
(380, 20, 10),
(381, 21, 10),
(382, 22, 10),
(383, 23, 10),
(384, 24, 10),
(385, 25, 10),
(386, 26, 10),
(387, 27, 10),
(388, 28, 10),
(389, 29, 10),
(390, 30, 10),
(391, 31, 10),
(392, 32, 10),
(393, 33, 10),
(394, 34, 10),
(395, 35, 10),
(396, 36, 10),
(397, 37, 10),
(398, 38, 10),
(399, 39, 10),
(400, 40, 10),
(401, 1, 11),
(402, 2, 11),
(403, 3, 11),
(404, 4, 11),
(405, 5, 11),
(406, 6, 11),
(407, 7, 11),
(408, 8, 11),
(409, 9, 11),
(410, 10, 11),
(411, 11, 11),
(412, 12, 11),
(413, 13, 11),
(414, 14, 11),
(415, 15, 11),
(416, 16, 11),
(417, 17, 11),
(418, 18, 11),
(419, 19, 11),
(420, 20, 11),
(421, 21, 11),
(422, 22, 11),
(423, 23, 11),
(424, 24, 11),
(425, 25, 11),
(426, 26, 11),
(427, 27, 11),
(428, 28, 11),
(429, 29, 11),
(430, 30, 11),
(431, 31, 11),
(432, 32, 11),
(433, 33, 11),
(434, 34, 11),
(435, 35, 11),
(436, 36, 11),
(437, 37, 11),
(438, 38, 11),
(439, 39, 11),
(440, 40, 11),
(441, 1, 12),
(442, 2, 12),
(443, 3, 12),
(444, 4, 12),
(445, 5, 12),
(446, 6, 12),
(447, 7, 12),
(448, 8, 12),
(449, 9, 12),
(450, 10, 12),
(451, 11, 12),
(452, 12, 12),
(453, 13, 12),
(454, 14, 12),
(455, 15, 12),
(456, 16, 12),
(457, 17, 12),
(458, 18, 12),
(459, 19, 12),
(460, 20, 12),
(461, 21, 12),
(462, 22, 12),
(463, 23, 12),
(464, 24, 12),
(465, 25, 12),
(466, 26, 12),
(467, 27, 12),
(468, 28, 12),
(469, 29, 12),
(470, 30, 12),
(471, 31, 12),
(472, 32, 12),
(473, 33, 12),
(474, 34, 12),
(475, 35, 12),
(476, 36, 12),
(477, 37, 12),
(478, 38, 12),
(479, 39, 12),
(480, 40, 12),
(481, 1, 13),
(482, 2, 13),
(483, 3, 13),
(484, 4, 13),
(485, 5, 13),
(486, 6, 13),
(487, 7, 13),
(488, 8, 13),
(489, 9, 13),
(490, 10, 13),
(491, 11, 13),
(492, 12, 13),
(493, 13, 13),
(494, 14, 13),
(495, 15, 13),
(496, 16, 13),
(497, 17, 13),
(498, 18, 13),
(499, 19, 13),
(500, 20, 13),
(501, 21, 13),
(502, 22, 13),
(503, 23, 13),
(504, 24, 13),
(505, 25, 13),
(506, 26, 13),
(507, 27, 13),
(508, 28, 13),
(509, 29, 13),
(510, 30, 13),
(511, 31, 13),
(512, 32, 13),
(513, 33, 13),
(514, 34, 13),
(515, 35, 13),
(516, 36, 13),
(517, 37, 13),
(518, 38, 13),
(519, 39, 13),
(520, 40, 13),
(521, 1, 14),
(522, 2, 14),
(523, 3, 14),
(524, 4, 14),
(525, 5, 14),
(526, 6, 14),
(527, 7, 14),
(528, 8, 14),
(529, 9, 14),
(530, 10, 14),
(531, 11, 14),
(532, 12, 14),
(533, 13, 14),
(534, 14, 14),
(535, 15, 14),
(536, 16, 14),
(537, 17, 14),
(538, 18, 14),
(539, 19, 14),
(540, 20, 14),
(541, 21, 14),
(542, 22, 14),
(543, 23, 14),
(544, 24, 14),
(545, 25, 14),
(546, 26, 14),
(547, 27, 14),
(548, 28, 14),
(549, 29, 14),
(550, 30, 14),
(551, 31, 14),
(552, 32, 14),
(553, 33, 14),
(554, 34, 14),
(555, 35, 14),
(556, 36, 14),
(557, 37, 14),
(558, 38, 14),
(559, 39, 14),
(560, 40, 14),
(561, 1, 15),
(562, 2, 15),
(563, 3, 15),
(564, 4, 15),
(565, 5, 15),
(566, 6, 15),
(567, 7, 15),
(568, 8, 15),
(569, 9, 15),
(570, 10, 15),
(571, 11, 15),
(572, 12, 15),
(573, 13, 15),
(574, 14, 15),
(575, 15, 15),
(576, 16, 15),
(577, 17, 15),
(578, 18, 15),
(579, 19, 15),
(580, 20, 15),
(581, 21, 15),
(582, 22, 15),
(583, 23, 15),
(584, 24, 15),
(585, 25, 15),
(586, 26, 15),
(587, 27, 15),
(588, 28, 15),
(589, 29, 15),
(590, 30, 15),
(591, 31, 15),
(592, 32, 15),
(593, 33, 15),
(594, 34, 15),
(595, 35, 15),
(596, 36, 15),
(597, 37, 15),
(598, 38, 15),
(599, 39, 15),
(600, 40, 15),
(601, 1, 16),
(602, 2, 16),
(603, 3, 16),
(604, 4, 16),
(605, 5, 16),
(606, 6, 16),
(607, 7, 16),
(608, 8, 16),
(609, 9, 16),
(610, 10, 16),
(611, 11, 16),
(612, 12, 16),
(613, 13, 16),
(614, 14, 16),
(615, 15, 16),
(616, 16, 16),
(617, 17, 16),
(618, 18, 16),
(619, 19, 16),
(620, 20, 16),
(621, 21, 16),
(622, 22, 16),
(623, 23, 16),
(624, 24, 16),
(625, 25, 16),
(626, 26, 16),
(627, 27, 16),
(628, 28, 16),
(629, 29, 16),
(630, 30, 16),
(631, 31, 16),
(632, 32, 16),
(633, 33, 16),
(634, 34, 16),
(635, 35, 16),
(636, 36, 16),
(637, 37, 16),
(638, 38, 16),
(639, 39, 16),
(640, 40, 16),
(641, 1, 17),
(642, 2, 17),
(643, 3, 17),
(644, 4, 17),
(645, 5, 17),
(646, 6, 17),
(647, 7, 17),
(648, 8, 17),
(649, 9, 17),
(650, 10, 17),
(651, 11, 17),
(652, 12, 17),
(653, 13, 17),
(654, 14, 17),
(655, 15, 17),
(656, 16, 17),
(657, 17, 17),
(658, 18, 17),
(659, 19, 17),
(660, 20, 17),
(661, 21, 17),
(662, 22, 17),
(663, 23, 17),
(664, 24, 17),
(665, 25, 17),
(666, 26, 17),
(667, 27, 17),
(668, 28, 17),
(669, 29, 17),
(670, 30, 17),
(671, 31, 17),
(672, 32, 17),
(673, 33, 17),
(674, 34, 17),
(675, 35, 17),
(676, 36, 17),
(677, 37, 17),
(678, 38, 17),
(679, 39, 17),
(680, 40, 17),
(681, 1, 18),
(682, 2, 18),
(683, 3, 18),
(684, 4, 18),
(685, 5, 18),
(686, 6, 18),
(687, 7, 18),
(688, 8, 18),
(689, 9, 18),
(690, 10, 18),
(691, 11, 18),
(692, 12, 18),
(693, 13, 18),
(694, 14, 18),
(695, 15, 18),
(696, 16, 18),
(697, 17, 18),
(698, 18, 18),
(699, 19, 18),
(700, 20, 18),
(701, 21, 18),
(702, 22, 18),
(703, 23, 18),
(704, 24, 18),
(705, 25, 18),
(706, 26, 18),
(707, 27, 18),
(708, 28, 18),
(709, 29, 18),
(710, 30, 18),
(711, 31, 18),
(712, 32, 18),
(713, 33, 18),
(714, 34, 18),
(715, 35, 18),
(716, 36, 18),
(717, 37, 18),
(718, 38, 18),
(719, 39, 18),
(720, 40, 18),
(721, 1, 19),
(722, 2, 19),
(723, 3, 19),
(724, 4, 19),
(725, 5, 19),
(726, 6, 19),
(727, 7, 19),
(728, 8, 19),
(729, 9, 19),
(730, 10, 19),
(731, 11, 19),
(732, 12, 19),
(733, 13, 19),
(734, 14, 19),
(735, 15, 19),
(736, 16, 19),
(737, 17, 19),
(738, 18, 19),
(739, 19, 19),
(740, 20, 19),
(741, 21, 19),
(742, 22, 19),
(743, 23, 19),
(744, 24, 19),
(745, 25, 19),
(746, 26, 19),
(747, 27, 19),
(748, 28, 19),
(749, 29, 19),
(750, 30, 19),
(751, 31, 19),
(752, 32, 19),
(753, 33, 19),
(754, 34, 19),
(755, 35, 19),
(756, 36, 19),
(757, 37, 19),
(758, 38, 19),
(759, 39, 19),
(760, 40, 19),
(761, 1, 20),
(762, 2, 20),
(763, 3, 20),
(764, 4, 20),
(765, 5, 20),
(766, 6, 20),
(767, 7, 20),
(768, 8, 20),
(769, 9, 20),
(770, 10, 20),
(771, 11, 20),
(772, 12, 20),
(773, 13, 20),
(774, 14, 20),
(775, 15, 20),
(776, 16, 20),
(777, 17, 20),
(778, 18, 20),
(779, 19, 20),
(780, 20, 20),
(781, 21, 20),
(782, 22, 20),
(783, 23, 20),
(784, 24, 20),
(785, 25, 20),
(786, 26, 20),
(787, 27, 20),
(788, 28, 20),
(789, 29, 20),
(790, 30, 20),
(791, 31, 20),
(792, 32, 20),
(793, 33, 20),
(794, 34, 20),
(795, 35, 20),
(796, 36, 20),
(797, 37, 20),
(798, 38, 20),
(799, 39, 20),
(800, 40, 20),
(801, 1, 21),
(802, 2, 21),
(803, 3, 21),
(804, 4, 21),
(805, 5, 21),
(806, 6, 21),
(807, 7, 21),
(808, 8, 21),
(809, 9, 21),
(810, 10, 21),
(811, 11, 21),
(812, 12, 21),
(813, 13, 21),
(814, 14, 21),
(815, 15, 21),
(816, 16, 21),
(817, 17, 21),
(818, 18, 21),
(819, 19, 21),
(820, 20, 21),
(821, 21, 21),
(822, 22, 21),
(823, 23, 21),
(824, 24, 21),
(825, 25, 21),
(826, 26, 21),
(827, 27, 21),
(828, 28, 21),
(829, 29, 21),
(830, 30, 21),
(831, 31, 21),
(832, 32, 21),
(833, 33, 21),
(834, 34, 21),
(835, 35, 21),
(836, 36, 21),
(837, 37, 21),
(838, 38, 21),
(839, 39, 21),
(840, 40, 21),
(841, 1, 22),
(842, 2, 22),
(843, 3, 22),
(844, 4, 22),
(845, 5, 22),
(846, 6, 22),
(847, 7, 22),
(848, 8, 22),
(849, 9, 22),
(850, 10, 22),
(851, 11, 22),
(852, 12, 22),
(853, 13, 22),
(854, 14, 22),
(855, 15, 22),
(856, 16, 22),
(857, 17, 22),
(858, 18, 22),
(859, 19, 22),
(860, 20, 22),
(861, 21, 22),
(862, 22, 22),
(863, 23, 22),
(864, 24, 22),
(865, 25, 22),
(866, 26, 22),
(867, 27, 22),
(868, 28, 22),
(869, 29, 22),
(870, 30, 22),
(871, 31, 22),
(872, 32, 22),
(873, 33, 22),
(874, 34, 22),
(875, 35, 22),
(876, 36, 22),
(877, 37, 22),
(878, 38, 22),
(879, 39, 22),
(880, 40, 22);



INSERT INTO `square` (`squareId`, `levelId`, `elementId`, `locationId`) VALUES
(1, 1, 2, 1),
(2, 1, 2, 2),
(3, 1, 2, 3),
(4, 1, 2, 4),
(5, 1, 2, 5),
(6, 1, 2, 6),
(7, 1, 2, 7),
(8, 1, 2, 8),
(9, 1, 2, 9),
(10, 1, 2, 10),
(11, 1, 2, 11),
(12, 1, 2, 12),
(13, 1, 2, 13),
(14, 1, 2, 14),
(15, 1, 2, 15),
(16, 1, 2, 16),
(17, 1, 2, 17),
(18, 1, 2, 18),
(19, 1, 2, 19),
(20, 1, 2, 20),
(21, 1, 2, 21),
(22, 1, 2, 22),
(23, 1, 2, 23),
(24, 1, 2, 24),
(25, 1, 2, 25),
(26, 1, 2, 26),
(27, 1, 2, 27),
(28, 1, 2, 28),
(29, 1, 2, 29),
(30, 1, 2, 30),
(31, 1, 2, 31),
(32, 1, 2, 32),
(33, 1, 2, 33),
(34, 1, 2, 34),
(35, 1, 2, 35),
(36, 1, 2, 36),
(37, 1, 2, 37),
(38, 1, 2, 38),
(39, 1, 2, 39),
(40, 1, 2, 40),
(41, 1, 2, 41),
(42, 1, 1, 42),
(43, 1, 1, 43),
(44, 1, 1, 44),
(45, 1, 1, 45),
(46, 1, 1, 46),
(47, 1, 1, 47),
(48, 1, 8, 48),
(49, 1, 1, 49),
(50, 1, 1, 50),
(51, 1, 4, 51),
(52, 1, 1, 52),
(53, 1, 3, 53),
(54, 1, 8, 54),
(55, 1, 1, 55),
(56, 1, 1, 56),
(57, 1, 1, 57),
(58, 1, 1, 58),
(59, 1, 1, 59),
(60, 1, 3, 60),
(61, 1, 1, 61),
(62, 1, 3, 62),
(63, 1, 1, 63),
(64, 1, 1, 64),
(65, 1, 1, 65),
(66, 1, 1, 66),
(67, 1, 1, 67),
(68, 1, 1, 68),
(69, 1, 1, 69),
(70, 1, 8, 70),
(71, 1, 1, 71),
(72, 1, 1, 72),
(73, 1, 1, 73),
(74, 1, 1, 74),
(75, 1, 3, 75),
(76, 1, 1, 76),
(77, 1, 1, 77),
(78, 1, 1, 78),
(79, 1, 1, 79),
(80, 1, 2, 80),
(81, 1, 2, 81),
(82, 1, 1, 82),
(83, 1, 3, 83),
(84, 1, 5, 84),
(85, 1, 3, 85),
(86, 1, 1, 86),
(87, 1, 1, 87),
(88, 1, 1, 88),
(89, 1, 1, 89),
(90, 1, 1, 90),
(91, 1, 1, 91),
(92, 1, 8, 92),
(93, 1, 1, 93),
(94, 1, 1, 94),
(95, 1, 1, 95),
(96, 1, 1, 96),
(97, 1, 1, 97),
(98, 1, 1, 98),
(99, 1, 1, 99),
(100, 1, 1, 100),
(101, 1, 1, 101),
(102, 1, 3, 102),
(103, 1, 4, 103),
(104, 1, 1, 104),
(105, 1, 1, 105),
(106, 1, 3, 106),
(107, 1, 1, 107),
(108, 1, 1, 108),
(109, 1, 1, 109),
(110, 1, 1, 110),
(111, 1, 8, 111),
(112, 1, 1, 112),
(113, 1, 1, 113),
(114, 1, 1, 114),
(115, 1, 1, 115),
(116, 1, 1, 116),
(117, 1, 1, 117),
(118, 1, 1, 118),
(119, 1, 1, 119),
(120, 1, 2, 120),
(121, 1, 2, 121),
(122, 1, 1, 122),
(123, 1, 1, 123),
(124, 1, 1, 124),
(125, 1, 1, 125),
(126, 1, 1, 126),
(127, 1, 1, 127),
(128, 1, 1, 128),
(129, 1, 1, 129),
(130, 1, 1, 130),
(131, 1, 1, 131),
(132, 1, 8, 132),
(133, 1, 1, 133),
(134, 1, 1, 134),
(135, 1, 8, 135),
(136, 1, 1, 136),
(137, 1, 1, 137),
(138, 1, 1, 138),
(139, 1, 1, 139),
(140, 1, 1, 140),
(141, 1, 3, 141),
(142, 1, 1, 142),
(143, 1, 3, 143),
(144, 1, 1, 144),
(145, 1, 1, 145),
(146, 1, 3, 146),
(147, 1, 1, 147),
(148, 1, 1, 148),
(149, 1, 1, 149),
(150, 1, 1, 150),
(151, 1, 1, 151),
(152, 1, 1, 152),
(153, 1, 1, 153),
(154, 1, 1, 154),
(155, 1, 3, 155),
(156, 1, 1, 156),
(157, 1, 1, 157),
(158, 1, 1, 158),
(159, 1, 1, 159),
(160, 1, 2, 160),
(161, 1, 2, 161),
(162, 1, 3, 162),
(163, 1, 1, 163),
(164, 1, 8, 164),
(165, 1, 8, 165),
(166, 1, 1, 166),
(167, 1, 1, 167),
(168, 1, 1, 168),
(169, 1, 1, 169),
(170, 1, 1, 170),
(171, 1, 1, 171),
(172, 1, 1, 172),
(173, 1, 1, 173),
(174, 1, 1, 174),
(175, 1, 3, 175),
(176, 1, 1, 176),
(177, 1, 1, 177),
(178, 1, 1, 178),
(179, 1, 1, 179),
(180, 1, 1, 180),
(181, 1, 1, 181),
(182, 1, 3, 182),
(183, 1, 1, 183),
(184, 1, 1, 184),
(185, 1, 3, 185),
(186, 1, 1, 186),
(187, 1, 1, 187),
(188, 1, 1, 188),
(189, 1, 1, 189),
(190, 1, 3, 190),
(191, 1, 1, 191),
(192, 1, 1, 192),
(193, 1, 1, 193),
(194, 1, 3, 194),
(195, 1, 1, 195),
(196, 1, 1, 196),
(197, 1, 1, 197),
(198, 1, 1, 198),
(199, 1, 1, 199),
(200, 1, 2, 200),
(201, 1, 2, 201),
(202, 1, 3, 202),
(203, 1, 1, 203),
(204, 1, 3, 204),
(205, 1, 3, 205),
(206, 1, 1, 206),
(207, 1, 1, 207),
(208, 1, 1, 208),
(209, 1, 1, 209),
(210, 1, 1, 210),
(211, 1, 1, 211),
(212, 1, 1, 212),
(213, 1, 1, 213),
(214, 1, 1, 214),
(215, 1, 3, 215),
(216, 1, 3, 216),
(217, 1, 1, 217),
(218, 1, 1, 218),
(219, 1, 3, 219),
(220, 1, 1, 220),
(221, 1, 1, 221),
(222, 1, 1, 222),
(223, 1, 1, 223),
(224, 1, 1, 224),
(225, 1, 1, 225),
(226, 1, 1, 226),
(227, 1, 1, 227),
(228, 1, 3, 228),
(229, 1, 1, 229),
(230, 1, 1, 230),
(231, 1, 1, 231),
(232, 1, 1, 232),
(233, 1, 1, 233),
(234, 1, 1, 234),
(235, 1, 3, 235),
(236, 1, 1, 236),
(237, 1, 3, 237),
(238, 1, 8, 238),
(239, 1, 1, 239),
(240, 1, 2, 240),
(241, 1, 2, 241),
(242, 1, 1, 242),
(243, 1, 1, 243),
(244, 1, 1, 244),
(245, 1, 3, 245),
(246, 1, 1, 246),
(247, 1, 1, 247),
(248, 1, 3, 248),
(249, 1, 1, 249),
(250, 1, 1, 250),
(251, 1, 1, 251),
(252, 1, 1, 252),
(253, 1, 1, 253),
(254, 1, 1, 254),
(255, 1, 1, 255),
(256, 1, 1, 256),
(257, 1, 3, 257),
(258, 1, 1, 258),
(259, 1, 1, 259),
(260, 1, 1, 260),
(261, 1, 1, 261),
(262, 1, 1, 262),
(263, 1, 3, 263),
(264, 1, 1, 264),
(265, 1, 8, 265),
(266, 1, 3, 266),
(267, 1, 1, 267),
(268, 1, 1, 268),
(269, 1, 1, 269),
(270, 1, 1, 270),
(271, 1, 1, 271),
(272, 1, 1, 272),
(273, 1, 1, 273),
(274, 1, 1, 274),
(275, 1, 3, 275),
(276, 1, 1, 276),
(277, 1, 3, 277),
(278, 1, 3, 278),
(279, 1, 1, 279),
(280, 1, 2, 280),
(281, 1, 2, 281),
(282, 1, 2, 282),
(283, 1, 2, 283),
(284, 1, 2, 284),
(285, 1, 2, 285),
(286, 1, 2, 286),
(287, 1, 2, 287),
(288, 1, 2, 288),
(289, 1, 2, 289),
(290, 1, 2, 290),
(291, 1, 2, 291),
(292, 1, 2, 292),
(293, 1, 2, 293),
(294, 1, 2, 294),
(295, 1, 2, 295),
(296, 1, 2, 296),
(297, 1, 2, 297),
(298, 1, 2, 298),
(299, 1, 2, 299),
(300, 1, 2, 300),
(301, 1, 2, 301),
(302, 1, 2, 302),
(303, 1, 2, 303),
(304, 1, 2, 304),
(305, 1, 2, 305),
(306, 1, 2, 306),
(307, 1, 2, 307),
(308, 1, 2, 308),
(309, 1, 2, 309),
(310, 1, 2, 310),
(311, 1, 2, 311),
(312, 1, 1, 312),
(313, 1, 1, 313),
(314, 1, 1, 314),
(315, 1, 3, 315),
(316, 1, 1, 316),
(317, 1, 1, 317),
(318, 1, 3, 318),
(319, 1, 1, 319),
(320, 1, 2, 320),
(321, 1, 2, 321),
(322, 1, 1, 322),
(323, 1, 8, 323),
(324, 1, 1, 324),
(325, 1, 1, 325),
(326, 1, 1, 326),
(327, 1, 3, 327),
(328, 1, 1, 328),
(329, 1, 1, 329),
(330, 1, 4, 330),
(331, 1, 1, 331),
(332, 1, 8, 332),
(333, 1, 1, 333),
(334, 1, 1, 334),
(335, 1, 3, 335),
(336, 1, 1, 336),
(337, 1, 3, 337),
(338, 1, 1, 338),
(339, 1, 1, 339),
(340, 1, 1, 340),
(341, 1, 1, 341),
(342, 1, 1, 342),
(343, 1, 1, 343),
(344, 1, 1, 344),
(345, 1, 1, 345),
(346, 1, 1, 346),
(347, 1, 1, 347),
(348, 1, 4, 348),
(349, 1, 1, 349),
(350, 1, 3, 350),
(351, 1, 8, 351),
(352, 1, 1, 352),
(353, 1, 1, 353),
(354, 1, 1, 354),
(355, 1, 1, 355),
(356, 1, 1, 356),
(357, 1, 1, 357),
(358, 1, 3, 358),
(359, 1, 1, 359),
(360, 1, 2, 360),
(361, 1, 2, 361),
(362, 1, 1, 362),
(363, 1, 1, 363),
(364, 1, 4, 364),
(365, 1, 1, 365),
(366, 1, 1, 366),
(367, 1, 1, 367),
(368, 1, 1, 368),
(369, 1, 1, 369),
(370, 1, 3, 370),
(371, 1, 1, 371),
(372, 1, 1, 372),
(373, 1, 1, 373),
(374, 1, 1, 374),
(375, 1, 1, 375),
(376, 1, 8, 376),
(377, 1, 1, 377),
(378, 1, 1, 378),
(379, 1, 1, 379),
(380, 1, 1, 380),
(381, 1, 1, 381),
(382, 1, 1, 382),
(383, 1, 1, 383),
(384, 1, 1, 384),
(385, 1, 3, 385),
(386, 1, 8, 386),
(387, 1, 8, 387),
(388, 1, 3, 388),
(389, 1, 1, 389),
(390, 1, 1, 390),
(391, 1, 4, 391),
(392, 1, 1, 392),
(393, 1, 1, 393),
(394, 1, 1, 394),
(395, 1, 1, 395),
(396, 1, 3, 396),
(397, 1, 1, 397),
(398, 1, 1, 398),
(399, 1, 1, 399),
(400, 1, 2, 400),
(401, 1, 2, 401),
(402, 1, 1, 402),
(403, 1, 1, 403),
(404, 1, 1, 404),
(405, 1, 3, 405),
(406, 1, 1, 406),
(407, 1, 1, 407),
(408, 1, 3, 408),
(409, 1, 1, 409),
(410, 1, 3, 410),
(411, 1, 1, 411),
(412, 1, 1, 412),
(413, 1, 1, 413),
(414, 1, 1, 414),
(415, 1, 1, 415),
(416, 1, 1, 416),
(417, 1, 1, 417),
(418, 1, 1, 418),
(419, 1, 1, 419),
(420, 1, 1, 420),
(421, 1, 1, 421),
(422, 1, 1, 422),
(423, 1, 1, 423),
(424, 1, 1, 424),
(425, 1, 3, 425),
(426, 1, 3, 426),
(427, 1, 1, 427),
(428, 1, 3, 428),
(429, 1, 1, 429),
(430, 1, 1, 430),
(431, 1, 3, 431),
(432, 1, 1, 432),
(433, 1, 1, 433),
(434, 1, 1, 434),
(435, 1, 1, 435),
(436, 1, 1, 436),
(437, 1, 1, 437),
(438, 1, 1, 438),
(439, 1, 1, 439),
(440, 1, 2, 440),
(441, 1, 2, 441),
(442, 1, 1, 442),
(443, 1, 8, 443),
(444, 1, 1, 444),
(445, 1, 1, 445),
(446, 1, 1, 446),
(447, 1, 1, 447),
(448, 1, 1, 448),
(449, 1, 3, 449),
(450, 1, 1, 450),
(451, 1, 1, 451),
(452, 1, 1, 452),
(453, 1, 1, 453),
(454, 1, 1, 454),
(455, 1, 1, 455),
(456, 1, 1, 456),
(457, 1, 1, 457),
(458, 1, 3, 458),
(459, 1, 3, 459),
(460, 1, 8, 460),
(461, 1, 1, 461),
(462, 1, 1, 462),
(463, 1, 1, 463),
(464, 1, 1, 464),
(465, 1, 1, 465),
(466, 1, 1, 466),
(467, 1, 1, 467),
(468, 1, 3, 468),
(469, 1, 1, 469),
(470, 1, 1, 470),
(471, 1, 3, 471),
(472, 1, 1, 472),
(473, 1, 4, 473),
(474, 1, 1, 474),
(475, 1, 1, 475),
(476, 1, 1, 476),
(477, 1, 1, 477),
(478, 1, 8, 478),
(479, 1, 1, 479),
(480, 1, 2, 480),
(481, 1, 2, 481),
(482, 1, 1, 482),
(483, 1, 3, 483),
(484, 1, 1, 484),
(485, 1, 1, 485),
(486, 1, 8, 486),
(487, 1, 1, 487),
(488, 1, 1, 488),
(489, 1, 3, 489),
(490, 1, 1, 490),
(491, 1, 8, 491),
(492, 1, 8, 492),
(493, 1, 1, 493),
(494, 1, 1, 494),
(495, 1, 1, 495),
(496, 1, 1, 496),
(497, 1, 1, 497),
(498, 1, 3, 498),
(499, 1, 1, 499),
(500, 1, 3, 500),
(501, 1, 4, 501),
(502, 1, 1, 502),
(503, 1, 1, 503),
(504, 1, 4, 504),
(505, 1, 1, 505),
(506, 1, 1, 506),
(507, 1, 1, 507),
(508, 1, 1, 508),
(509, 1, 3, 509),
(510, 1, 1, 510),
(511, 1, 1, 511),
(512, 1, 1, 512),
(513, 1, 3, 513),
(514, 1, 1, 514),
(515, 1, 1, 515),
(516, 1, 4, 516),
(517, 1, 1, 517),
(518, 1, 3, 518),
(519, 1, 1, 519),
(520, 1, 2, 520),
(521, 1, 2, 521),
(522, 1, 1, 522),
(523, 1, 4, 523),
(524, 1, 3, 524),
(525, 1, 1, 525),
(526, 1, 1, 526),
(527, 1, 1, 527),
(528, 1, 1, 528),
(529, 1, 1, 529),
(530, 1, 1, 530),
(531, 1, 1, 531),
(532, 1, 1, 532),
(533, 1, 1, 533),
(534, 1, 1, 534),
(535, 1, 1, 535),
(536, 1, 1, 536),
(537, 1, 1, 537),
(538, 1, 1, 538),
(539, 1, 3, 539),
(540, 1, 3, 540),
(541, 1, 3, 541),
(542, 1, 1, 542),
(543, 1, 1, 543),
(544, 1, 3, 544),
(545, 1, 1, 545),
(546, 1, 1, 546),
(547, 1, 1, 547),
(548, 1, 1, 548),
(549, 1, 1, 549),
(550, 1, 1, 550),
(551, 1, 1, 551),
(552, 1, 1, 552),
(553, 1, 4, 553),
(554, 1, 1, 554),
(555, 1, 1, 555),
(556, 1, 1, 556),
(557, 1, 1, 557),
(558, 1, 1, 558),
(559, 1, 3, 559),
(560, 1, 2, 560),
(561, 1, 2, 561),
(562, 1, 1, 562),
(563, 1, 1, 563),
(564, 1, 1, 564),
(565, 1, 1, 565),
(566, 1, 1, 566),
(567, 1, 1, 567),
(568, 1, 1, 568),
(569, 1, 1, 569),
(570, 1, 2, 570),
(571, 1, 2, 571),
(572, 1, 2, 572),
(573, 1, 2, 573),
(574, 1, 2, 574),
(575, 1, 2, 575),
(576, 1, 2, 576),
(577, 1, 2, 577),
(578, 1, 2, 578),
(579, 1, 2, 579),
(580, 1, 2, 580),
(581, 1, 2, 581),
(582, 1, 2, 582),
(583, 1, 2, 583),
(584, 1, 2, 584),
(585, 1, 2, 585),
(586, 1, 2, 586),
(587, 1, 2, 587),
(588, 1, 2, 588),
(589, 1, 2, 589),
(590, 1, 2, 590),
(591, 1, 2, 591),
(592, 1, 2, 592),
(593, 1, 2, 593),
(594, 1, 2, 594),
(595, 1, 2, 595),
(596, 1, 2, 596),
(597, 1, 2, 597),
(598, 1, 2, 598),
(599, 1, 2, 599),
(600, 1, 2, 600),
(601, 1, 2, 601),
(602, 1, 8, 602),
(603, 1, 8, 603),
(604, 1, 1, 604),
(605, 1, 1, 605),
(606, 1, 1, 606),
(607, 1, 1, 607),
(608, 1, 1, 608),
(609, 1, 1, 609),
(610, 1, 1, 610),
(611, 1, 1, 611),
(612, 1, 1, 612),
(613, 1, 8, 613),
(614, 1, 1, 614),
(615, 1, 1, 615),
(616, 1, 1, 616),
(617, 1, 4, 617),
(618, 1, 1, 618),
(619, 1, 1, 619),
(620, 1, 1, 620),
(621, 1, 1, 621),
(622, 1, 3, 622),
(623, 1, 1, 623),
(624, 1, 1, 624),
(625, 1, 1, 625),
(626, 1, 1, 626),
(627, 1, 1, 627),
(628, 1, 3, 628),
(629, 1, 1, 629),
(630, 1, 1, 630),
(631, 1, 1, 631),
(632, 1, 3, 632),
(633, 1, 1, 633),
(634, 1, 1, 634),
(635, 1, 1, 635),
(636, 1, 1, 636),
(637, 1, 1, 637),
(638, 1, 1, 638),
(639, 1, 1, 639),
(640, 1, 2, 640),
(641, 1, 2, 641),
(642, 1, 3, 642),
(643, 1, 8, 643),
(644, 1, 1, 644),
(645, 1, 1, 645),
(646, 1, 1, 646),
(647, 1, 1, 647),
(648, 1, 1, 648),
(649, 1, 1, 649),
(650, 1, 1, 650),
(651, 1, 1, 651),
(652, 1, 1, 652),
(653, 1, 3, 653),
(654, 1, 3, 654),
(655, 1, 1, 655),
(656, 1, 1, 656),
(657, 1, 3, 657),
(658, 1, 1, 658),
(659, 1, 1, 659),
(660, 1, 1, 660),
(661, 1, 1, 661),
(662, 1, 1, 662),
(663, 1, 1, 663),
(664, 1, 1, 664),
(665, 1, 1, 665),
(666, 1, 3, 666),
(667, 1, 1, 667),
(668, 1, 1, 668),
(669, 1, 1, 669),
(670, 1, 1, 670),
(671, 1, 1, 671),
(672, 1, 1, 672),
(673, 1, 3, 673),
(674, 1, 1, 674),
(675, 1, 3, 675),
(676, 1, 8, 676),
(677, 1, 1, 677),
(678, 1, 1, 678),
(679, 1, 2, 679),
(680, 1, 2, 680),
(681, 1, 2, 681),
(682, 1, 1, 682),
(683, 1, 3, 683),
(684, 1, 1, 684),
(685, 1, 1, 685),
(686, 1, 3, 686),
(687, 1, 1, 687),
(688, 1, 1, 688),
(689, 1, 1, 689),
(690, 1, 1, 690),
(691, 1, 1, 691),
(692, 1, 1, 692),
(693, 1, 1, 693),
(694, 1, 1, 694),
(695, 1, 3, 695),
(696, 1, 1, 696),
(697, 1, 1, 697),
(698, 1, 1, 698),
(699, 1, 1, 699),
(700, 1, 1, 700),
(701, 1, 3, 701),
(702, 1, 1, 702),
(703, 1, 8, 703),
(704, 1, 8, 704),
(705, 1, 1, 705),
(706, 1, 1, 706),
(707, 1, 1, 707),
(708, 1, 1, 708),
(709, 1, 4, 709),
(710, 1, 1, 710),
(711, 1, 1, 711),
(712, 1, 1, 712),
(713, 1, 3, 713),
(714, 1, 1, 714),
(715, 1, 3, 715),
(716, 1, 3, 716),
(717, 1, 1, 717),
(718, 1, 1, 718),
(719, 1, 1, 719),
(720, 1, 2, 720),
(721, 1, 2, 721),
(722, 1, 1, 722),
(723, 1, 1, 723),
(724, 1, 1, 724),
(725, 1, 1, 725),
(726, 1, 3, 726),
(727, 1, 4, 727),
(728, 1, 1, 728),
(729, 1, 1, 729),
(730, 1, 8, 730),
(731, 1, 1, 731),
(732, 1, 1, 732),
(733, 1, 1, 733),
(734, 1, 1, 734),
(735, 1, 1, 735),
(736, 1, 1, 736),
(737, 1, 1, 737),
(738, 1, 1, 738),
(739, 1, 3, 739),
(740, 1, 1, 740),
(741, 1, 1, 741),
(742, 1, 1, 742),
(743, 1, 1, 743),
(744, 1, 1, 744),
(745, 1, 1, 745),
(746, 1, 3, 746),
(747, 1, 1, 747),
(748, 1, 3, 748),
(749, 1, 4, 749),
(750, 1, 1, 750),
(751, 1, 1, 751),
(752, 1, 1, 752),
(753, 1, 1, 753),
(754, 1, 1, 754),
(755, 1, 1, 755),
(756, 1, 3, 756),
(757, 1, 1, 757),
(758, 1, 1, 758),
(759, 1, 1, 759),
(760, 1, 2, 760),
(761, 1, 2, 761),
(762, 1, 1, 762),
(763, 1, 1, 763),
(764, 1, 1, 764),
(765, 1, 8, 765),
(766, 1, 1, 766),
(767, 1, 1, 767),
(768, 1, 8, 768),
(769, 1, 1, 769),
(770, 1, 3, 770),
(771, 1, 1, 771),
(772, 1, 1, 772),
(773, 1, 3, 773),
(774, 1, 1, 774),
(775, 1, 3, 775),
(776, 1, 3, 776),
(777, 1, 1, 777),
(778, 1, 1, 778),
(779, 1, 1, 779),
(780, 1, 1, 780),
(781, 1, 1, 781),
(782, 1, 1, 782),
(783, 1, 1, 783),
(784, 1, 1, 784),
(785, 1, 1, 785),
(786, 1, 3, 786),
(787, 1, 1, 787),
(788, 1, 3, 788),
(789, 1, 4, 789),
(790, 1, 1, 790),
(791, 1, 1, 791),
(792, 1, 1, 792),
(793, 1, 1, 793),
(794, 1, 1, 794),
(795, 1, 1, 795),
(796, 1, 3, 796),
(797, 1, 1, 797),
(798, 1, 1, 798),
(799, 1, 3, 799),
(800, 1, 2, 800),
(801, 1, 2, 801),
(802, 1, 1, 802),
(803, 1, 4, 803),
(804, 1, 1, 804),
(805, 1, 1, 805),
(806, 1, 1, 806),
(807, 1, 1, 807),
(808, 1, 3, 808),
(809, 1, 1, 809),
(810, 1, 1, 810),
(811, 1, 1, 811),
(812, 1, 1, 812),
(813, 1, 1, 813),
(814, 1, 8, 814),
(815, 1, 1, 815),
(816, 1, 1, 816),
(817, 1, 1, 817),
(818, 1, 1, 818),
(819, 1, 1, 819),
(820, 1, 1, 820),
(821, 1, 1, 821),
(822, 1, 1, 822),
(823, 1, 1, 823),
(824, 1, 1, 824),
(825, 1, 1, 825),
(826, 1, 3, 826),
(827, 1, 1, 827),
(828, 1, 1, 828),
(829, 1, 3, 829),
(830, 1, 1, 830),
(831, 1, 1, 831),
(832, 1, 1, 832),
(833, 1, 1, 833),
(834, 1, 1, 834),
(835, 1, 1, 835),
(836, 1, 1, 836),
(837, 1, 1, 837),
(838, 1, 3, 838),
(839, 1, 1, 839),
(840, 1, 2, 840),
(841, 1, 2, 841),
(842, 1, 2, 842),
(843, 1, 2, 843),
(844, 1, 2, 844),
(845, 1, 2, 845),
(846, 1, 2, 846),
(847, 1, 2, 847),
(848, 1, 2, 848),
(849, 1, 2, 849),
(850, 1, 2, 850),
(851, 1, 2, 851),
(852, 1, 2, 852),
(853, 1, 2, 853),
(854, 1, 2, 854),
(855, 1, 2, 855),
(856, 1, 2, 856),
(857, 1, 2, 857),
(858, 1, 2, 858),
(859, 1, 2, 859),
(860, 1, 2, 860),
(861, 1, 2, 861),
(862, 1, 2, 862),
(863, 1, 2, 863),
(864, 1, 2, 864),
(865, 1, 2, 865),
(866, 1, 2, 866),
(867, 1, 2, 867),
(868, 1, 2, 868),
(869, 1, 2, 869),
(870, 1, 2, 870),
(871, 1, 2, 871),
(872, 1, 2, 872),
(873, 1, 2, 873),
(874, 1, 2, 874),
(875, 1, 2, 875),
(876, 1, 2, 876),
(877, 1, 2, 877),
(878, 1, 2, 878),
(879, 1, 2, 879),
(880, 1, 2, 880),
(881, 2, 2, 1),
(882, 2, 2, 2),
(883, 2, 2, 3),
(884, 2, 2, 4),
(885, 2, 2, 5),
(886, 2, 2, 6),
(887, 2, 2, 7),
(888, 2, 2, 8),
(889, 2, 2, 9),
(890, 2, 2, 10),
(891, 2, 2, 11),
(892, 2, 2, 12),
(893, 2, 2, 13),
(894, 2, 2, 14),
(895, 2, 2, 15),
(896, 2, 2, 16),
(897, 2, 2, 17),
(898, 2, 2, 18),
(899, 2, 2, 19),
(900, 2, 2, 20),
(901, 2, 2, 21),
(902, 2, 2, 22),
(903, 2, 2, 23),
(904, 2, 2, 24),
(905, 2, 2, 25),
(906, 2, 2, 26),
(907, 2, 2, 27),
(908, 2, 2, 28),
(909, 2, 2, 29),
(910, 2, 2, 30),
(911, 2, 2, 31),
(912, 2, 2, 32),
(913, 2, 2, 33),
(914, 2, 2, 34),
(915, 2, 2, 35),
(916, 2, 2, 36),
(917, 2, 2, 37),
(918, 2, 2, 38),
(919, 2, 2, 39),
(920, 2, 2, 40),
(921, 2, 2, 41),
(922, 2, 5, 42),
(923, 2, 1, 43),
(924, 2, 1, 44),
(925, 2, 1, 45),
(926, 2, 1, 46),
(927, 2, 1, 47),
(928, 2, 1, 48),
(929, 2, 1, 49),
(930, 2, 1, 50),
(931, 2, 1, 51),
(932, 2, 1, 52),
(933, 2, 1, 53),
(934, 2, 1, 54),
(935, 2, 1, 55),
(936, 2, 1, 56),
(937, 2, 1, 57),
(938, 2, 1, 58),
(939, 2, 1, 59),
(940, 2, 1, 60),
(941, 2, 1, 61),
(942, 2, 1, 62),
(943, 2, 1, 63),
(944, 2, 1, 64),
(945, 2, 1, 65),
(946, 2, 1, 66),
(947, 2, 1, 67),
(948, 2, 1, 68),
(949, 2, 1, 69),
(950, 2, 1, 70),
(951, 2, 1, 71),
(952, 2, 1, 72),
(953, 2, 1, 73),
(954, 2, 1, 74),
(955, 2, 1, 75),
(956, 2, 1, 76),
(957, 2, 1, 77),
(958, 2, 1, 78),
(959, 2, 1, 79),
(960, 2, 2, 80),
(961, 2, 2, 81),
(962, 2, 1, 82),
(963, 2, 1, 83),
(964, 2, 1, 84),
(965, 2, 1, 85),
(966, 2, 1, 86),
(967, 2, 1, 87),
(968, 2, 1, 88),
(969, 2, 1, 89),
(970, 2, 1, 90),
(971, 2, 1, 91),
(972, 2, 1, 92),
(973, 2, 1, 93),
(974, 2, 1, 94),
(975, 2, 1, 95),
(976, 2, 1, 96),
(977, 2, 1, 97),
(978, 2, 1, 98),
(979, 2, 1, 99),
(980, 2, 1, 100),
(981, 2, 1, 101),
(982, 2, 1, 102),
(983, 2, 1, 103),
(984, 2, 1, 104),
(985, 2, 1, 105),
(986, 2, 1, 106),
(987, 2, 1, 107),
(988, 2, 1, 108),
(989, 2, 1, 109),
(990, 2, 1, 110),
(991, 2, 1, 111),
(992, 2, 1, 112),
(993, 2, 1, 113),
(994, 2, 1, 114),
(995, 2, 1, 115),
(996, 2, 1, 116),
(997, 2, 1, 117),
(998, 2, 1, 118),
(999, 2, 1, 119),
(1000, 2, 2, 120),
(1001, 2, 2, 121),
(1002, 2, 1, 122),
(1003, 2, 1, 123),
(1004, 2, 1, 124),
(1005, 2, 1, 125),
(1006, 2, 1, 126),
(1007, 2, 1, 127),
(1008, 2, 1, 128),
(1009, 2, 1, 129),
(1010, 2, 1, 130),
(1011, 2, 1, 131),
(1012, 2, 1, 132),
(1013, 2, 1, 133),
(1014, 2, 1, 134),
(1015, 2, 1, 135),
(1016, 2, 1, 136),
(1017, 2, 1, 137),
(1018, 2, 1, 138),
(1019, 2, 1, 139),
(1020, 2, 1, 140),
(1021, 2, 1, 141),
(1022, 2, 1, 142),
(1023, 2, 1, 143),
(1024, 2, 1, 144),
(1025, 2, 1, 145),
(1026, 2, 1, 146),
(1027, 2, 1, 147),
(1028, 2, 1, 148),
(1029, 2, 1, 149),
(1030, 2, 1, 150),
(1031, 2, 1, 151),
(1032, 2, 1, 152),
(1033, 2, 1, 153),
(1034, 2, 1, 154),
(1035, 2, 1, 155),
(1036, 2, 1, 156),
(1037, 2, 1, 157),
(1038, 2, 1, 158),
(1039, 2, 1, 159),
(1040, 2, 2, 160),
(1041, 2, 2, 161),
(1042, 2, 1, 162),
(1043, 2, 1, 163),
(1044, 2, 1, 164),
(1045, 2, 1, 165),
(1046, 2, 1, 166),
(1047, 2, 1, 167),
(1048, 2, 1, 168),
(1049, 2, 1, 169),
(1050, 2, 1, 170),
(1051, 2, 1, 171),
(1052, 2, 1, 172),
(1053, 2, 1, 173),
(1054, 2, 1, 174),
(1055, 2, 1, 175),
(1056, 2, 1, 176),
(1057, 2, 1, 177),
(1058, 2, 1, 178),
(1059, 2, 1, 179),
(1060, 2, 1, 180),
(1061, 2, 1, 181),
(1062, 2, 1, 182),
(1063, 2, 1, 183),
(1064, 2, 1, 184),
(1065, 2, 1, 185),
(1066, 2, 1, 186),
(1067, 2, 1, 187),
(1068, 2, 1, 188),
(1069, 2, 1, 189),
(1070, 2, 1, 190),
(1071, 2, 1, 191),
(1072, 2, 1, 192),
(1073, 2, 1, 193),
(1074, 2, 1, 194),
(1075, 2, 1, 195),
(1076, 2, 1, 196),
(1077, 2, 1, 197),
(1078, 2, 1, 198),
(1079, 2, 1, 199),
(1080, 2, 2, 200),
(1081, 2, 2, 201),
(1082, 2, 1, 202),
(1083, 2, 1, 203),
(1084, 2, 1, 204),
(1085, 2, 1, 205),
(1086, 2, 1, 206),
(1087, 2, 1, 207),
(1088, 2, 1, 208),
(1089, 2, 1, 209),
(1090, 2, 1, 210),
(1091, 2, 1, 211),
(1092, 2, 1, 212),
(1093, 2, 1, 213),
(1094, 2, 1, 214),
(1095, 2, 1, 215),
(1096, 2, 1, 216),
(1097, 2, 1, 217),
(1098, 2, 1, 218),
(1099, 2, 1, 219),
(1100, 2, 1, 220),
(1101, 2, 1, 221),
(1102, 2, 1, 222),
(1103, 2, 1, 223),
(1104, 2, 1, 224),
(1105, 2, 1, 225),
(1106, 2, 1, 226),
(1107, 2, 1, 227),
(1108, 2, 1, 228),
(1109, 2, 1, 229),
(1110, 2, 1, 230),
(1111, 2, 1, 231),
(1112, 2, 1, 232),
(1113, 2, 1, 233),
(1114, 2, 1, 234),
(1115, 2, 1, 235),
(1116, 2, 1, 236),
(1117, 2, 1, 237),
(1118, 2, 1, 238),
(1119, 2, 1, 239),
(1120, 2, 2, 240),
(1121, 2, 2, 241),
(1122, 2, 1, 242),
(1123, 2, 1, 243),
(1124, 2, 1, 244),
(1125, 2, 1, 245),
(1126, 2, 1, 246),
(1127, 2, 1, 247),
(1128, 2, 1, 248),
(1129, 2, 1, 249),
(1130, 2, 1, 250),
(1131, 2, 1, 251),
(1132, 2, 1, 252),
(1133, 2, 1, 253),
(1134, 2, 1, 254),
(1135, 2, 1, 255),
(1136, 2, 1, 256),
(1137, 2, 1, 257),
(1138, 2, 1, 258),
(1139, 2, 1, 259),
(1140, 2, 1, 260),
(1141, 2, 1, 261),
(1142, 2, 1, 262),
(1143, 2, 1, 263),
(1144, 2, 1, 264),
(1145, 2, 1, 265),
(1146, 2, 1, 266),
(1147, 2, 1, 267),
(1148, 2, 1, 268),
(1149, 2, 1, 269),
(1150, 2, 1, 270),
(1151, 2, 1, 271),
(1152, 2, 1, 272),
(1153, 2, 1, 273),
(1154, 2, 1, 274),
(1155, 2, 1, 275),
(1156, 2, 1, 276),
(1157, 2, 1, 277),
(1158, 2, 1, 278),
(1159, 2, 1, 279),
(1160, 2, 2, 280),
(1161, 2, 2, 281),
(1162, 2, 1, 282),
(1163, 2, 1, 283),
(1164, 2, 1, 284),
(1165, 2, 1, 285),
(1166, 2, 1, 286),
(1167, 2, 1, 287),
(1168, 2, 1, 288),
(1169, 2, 1, 289),
(1170, 2, 1, 290),
(1171, 2, 1, 291),
(1172, 2, 1, 292),
(1173, 2, 1, 293),
(1174, 2, 1, 294),
(1175, 2, 1, 295),
(1176, 2, 1, 296),
(1177, 2, 1, 297),
(1178, 2, 1, 298),
(1179, 2, 1, 299),
(1180, 2, 1, 300),
(1181, 2, 1, 301),
(1182, 2, 1, 302),
(1183, 2, 1, 303),
(1184, 2, 1, 304),
(1185, 2, 1, 305),
(1186, 2, 1, 306),
(1187, 2, 1, 307),
(1188, 2, 1, 308),
(1189, 2, 1, 309),
(1190, 2, 1, 310),
(1191, 2, 1, 311),
(1192, 2, 1, 312),
(1193, 2, 1, 313),
(1194, 2, 1, 314),
(1195, 2, 1, 315),
(1196, 2, 1, 316),
(1197, 2, 1, 317),
(1198, 2, 1, 318),
(1199, 2, 1, 319),
(1200, 2, 2, 320),
(1201, 2, 2, 321),
(1202, 2, 1, 322),
(1203, 2, 1, 323),
(1204, 2, 1, 324),
(1205, 2, 1, 325),
(1206, 2, 1, 326),
(1207, 2, 1, 327),
(1208, 2, 1, 328),
(1209, 2, 8, 329),
(1210, 2, 8, 330),
(1211, 2, 8, 331),
(1212, 2, 1, 332),
(1213, 2, 1, 333),
(1214, 2, 1, 334),
(1215, 2, 1, 335),
(1216, 2, 1, 336),
(1217, 2, 8, 337),
(1218, 2, 8, 338),
(1219, 2, 8, 339),
(1220, 2, 1, 340),
(1221, 2, 1, 341),
(1222, 2, 1, 342),
(1223, 2, 1, 343),
(1224, 2, 1, 344),
(1225, 2, 8, 345),
(1226, 2, 8, 346),
(1227, 2, 8, 347),
(1228, 2, 1, 348),
(1229, 2, 1, 349),
(1230, 2, 1, 350),
(1231, 2, 1, 351),
(1232, 2, 1, 352),
(1233, 2, 8, 353),
(1234, 2, 8, 354),
(1235, 2, 8, 355),
(1236, 2, 1, 356),
(1237, 2, 1, 357),
(1238, 2, 1, 358),
(1239, 2, 1, 359),
(1240, 2, 2, 360),
(1241, 2, 2, 361),
(1242, 2, 1, 362),
(1243, 2, 1, 363),
(1244, 2, 1, 364),
(1245, 2, 1, 365),
(1246, 2, 1, 366),
(1247, 2, 1, 367),
(1248, 2, 1, 368),
(1249, 2, 8, 369),
(1250, 2, 6, 370),
(1251, 2, 8, 371),
(1252, 2, 1, 372),
(1253, 2, 1, 373),
(1254, 2, 1, 374),
(1255, 2, 1, 375),
(1256, 2, 1, 376),
(1257, 2, 8, 377),
(1258, 2, 6, 378),
(1259, 2, 8, 379),
(1260, 2, 1, 380),
(1261, 2, 1, 381),
(1262, 2, 1, 382),
(1263, 2, 1, 383),
(1264, 2, 1, 384),
(1265, 2, 8, 385),
(1266, 2, 6, 386),
(1267, 2, 8, 387),
(1268, 2, 1, 388),
(1269, 2, 1, 389),
(1270, 2, 1, 390),
(1271, 2, 1, 391),
(1272, 2, 1, 392),
(1273, 2, 8, 393),
(1274, 2, 6, 394),
(1275, 2, 8, 395),
(1276, 2, 1, 396),
(1277, 2, 1, 397),
(1278, 2, 1, 398),
(1279, 2, 1, 399),
(1280, 2, 2, 400),
(1281, 2, 2, 401),
(1282, 2, 1, 402),
(1283, 2, 1, 403),
(1284, 2, 1, 404),
(1285, 2, 1, 405),
(1286, 2, 1, 406),
(1287, 2, 1, 407),
(1288, 2, 1, 408),
(1289, 2, 8, 409),
(1290, 2, 4, 410),
(1291, 2, 8, 411),
(1292, 2, 1, 412),
(1293, 2, 1, 413),
(1294, 2, 1, 414),
(1295, 2, 1, 415),
(1296, 2, 1, 416),
(1297, 2, 8, 417),
(1298, 2, 4, 418),
(1299, 2, 8, 419),
(1300, 2, 1, 420),
(1301, 2, 1, 421),
(1302, 2, 1, 422),
(1303, 2, 1, 423),
(1304, 2, 1, 424),
(1305, 2, 8, 425),
(1306, 2, 4, 426),
(1307, 2, 8, 427),
(1308, 2, 1, 428),
(1309, 2, 1, 429),
(1310, 2, 1, 430),
(1311, 2, 1, 431),
(1312, 2, 1, 432),
(1313, 2, 8, 433),
(1314, 2, 4, 434),
(1315, 2, 8, 435),
(1316, 2, 1, 436),
(1317, 2, 1, 437),
(1318, 2, 1, 438),
(1319, 2, 1, 439),
(1320, 2, 2, 440),
(1321, 2, 2, 441),
(1322, 2, 1, 442),
(1323, 2, 1, 443),
(1324, 2, 1, 444),
(1325, 2, 1, 445),
(1326, 2, 1, 446),
(1327, 2, 1, 447),
(1328, 2, 1, 448),
(1329, 2, 1, 449),
(1330, 2, 1, 450),
(1331, 2, 1, 451),
(1332, 2, 1, 452),
(1333, 2, 1, 453),
(1334, 2, 1, 454),
(1335, 2, 1, 455),
(1336, 2, 1, 456),
(1337, 2, 1, 457),
(1338, 2, 1, 458),
(1339, 2, 1, 459),
(1340, 2, 1, 460),
(1341, 2, 1, 461),
(1342, 2, 1, 462),
(1343, 2, 1, 463),
(1344, 2, 1, 464),
(1345, 2, 1, 465),
(1346, 2, 1, 466),
(1347, 2, 1, 467),
(1348, 2, 1, 468),
(1349, 2, 1, 469),
(1350, 2, 1, 470),
(1351, 2, 1, 471),
(1352, 2, 1, 472),
(1353, 2, 1, 473),
(1354, 2, 1, 474),
(1355, 2, 1, 475),
(1356, 2, 1, 476),
(1357, 2, 1, 477),
(1358, 2, 1, 478),
(1359, 2, 1, 479),
(1360, 2, 2, 480),
(1361, 2, 2, 481),
(1362, 2, 1, 482),
(1363, 2, 1, 483),
(1364, 2, 1, 484),
(1365, 2, 1, 485),
(1366, 2, 1, 486),
(1367, 2, 1, 487),
(1368, 2, 1, 488),
(1369, 2, 1, 489),
(1370, 2, 1, 490),
(1371, 2, 1, 491),
(1372, 2, 1, 492),
(1373, 2, 1, 493),
(1374, 2, 1, 494),
(1375, 2, 1, 495),
(1376, 2, 1, 496),
(1377, 2, 1, 497),
(1378, 2, 1, 498),
(1379, 2, 1, 499),
(1380, 2, 1, 500),
(1381, 2, 1, 501),
(1382, 2, 1, 502),
(1383, 2, 1, 503),
(1384, 2, 1, 504),
(1385, 2, 1, 505),
(1386, 2, 1, 506),
(1387, 2, 1, 507),
(1388, 2, 1, 508),
(1389, 2, 1, 509),
(1390, 2, 1, 510),
(1391, 2, 1, 511),
(1392, 2, 1, 512),
(1393, 2, 1, 513),
(1394, 2, 1, 514),
(1395, 2, 1, 515),
(1396, 2, 1, 516),
(1397, 2, 1, 517),
(1398, 2, 1, 518),
(1399, 2, 1, 519),
(1400, 2, 2, 520),
(1401, 2, 2, 521),
(1402, 2, 1, 522),
(1403, 2, 1, 523),
(1404, 2, 1, 524),
(1405, 2, 1, 525),
(1406, 2, 1, 526),
(1407, 2, 1, 527),
(1408, 2, 1, 528),
(1409, 2, 1, 529),
(1410, 2, 1, 530),
(1411, 2, 1, 531),
(1412, 2, 1, 532),
(1413, 2, 1, 533),
(1414, 2, 1, 534),
(1415, 2, 1, 535),
(1416, 2, 1, 536),
(1417, 2, 1, 537),
(1418, 2, 1, 538),
(1419, 2, 1, 539),
(1420, 2, 1, 540),
(1421, 2, 1, 541),
(1422, 2, 1, 542),
(1423, 2, 1, 543),
(1424, 2, 1, 544),
(1425, 2, 1, 545),
(1426, 2, 1, 546),
(1427, 2, 1, 547),
(1428, 2, 1, 548),
(1429, 2, 1, 549),
(1430, 2, 1, 550),
(1431, 2, 1, 551),
(1432, 2, 1, 552),
(1433, 2, 1, 553),
(1434, 2, 1, 554),
(1435, 2, 1, 555),
(1436, 2, 1, 556),
(1437, 2, 1, 557),
(1438, 2, 1, 558),
(1439, 2, 1, 559),
(1440, 2, 2, 560),
(1441, 2, 2, 561),
(1442, 2, 1, 562),
(1443, 2, 1, 563),
(1444, 2, 1, 564),
(1445, 2, 1, 565),
(1446, 2, 1, 566),
(1447, 2, 1, 567),
(1448, 2, 1, 568),
(1449, 2, 8, 569),
(1450, 2, 8, 570),
(1451, 2, 8, 571),
(1452, 2, 1, 572),
(1453, 2, 1, 573),
(1454, 2, 1, 574),
(1455, 2, 1, 575),
(1456, 2, 1, 576),
(1457, 2, 8, 577),
(1458, 2, 8, 578),
(1459, 2, 8, 579),
(1460, 2, 1, 580),
(1461, 2, 1, 581),
(1462, 2, 1, 582),
(1463, 2, 1, 583),
(1464, 2, 1, 584),
(1465, 2, 8, 585),
(1466, 2, 8, 586),
(1467, 2, 8, 587),
(1468, 2, 1, 588),
(1469, 2, 1, 589),
(1470, 2, 1, 590),
(1471, 2, 1, 591),
(1472, 2, 1, 592),
(1473, 2, 8, 593),
(1474, 2, 8, 594),
(1475, 2, 8, 595),
(1476, 2, 1, 596),
(1477, 2, 1, 597),
(1478, 2, 1, 598),
(1479, 2, 1, 599),
(1480, 2, 2, 600),
(1481, 2, 2, 601),
(1482, 2, 1, 602),
(1483, 2, 1, 603),
(1484, 2, 1, 604),
(1485, 2, 1, 605),
(1486, 2, 1, 606),
(1487, 2, 1, 607),
(1488, 2, 1, 608),
(1489, 2, 8, 609),
(1490, 2, 6, 610),
(1491, 2, 8, 611),
(1492, 2, 1, 612),
(1493, 2, 1, 613),
(1494, 2, 1, 614),
(1495, 2, 1, 615),
(1496, 2, 1, 616),
(1497, 2, 8, 617),
(1498, 2, 6, 618),
(1499, 2, 8, 619),
(1500, 2, 1, 620),
(1501, 2, 1, 621),
(1502, 2, 1, 622),
(1503, 2, 1, 623),
(1504, 2, 1, 624),
(1505, 2, 8, 625),
(1506, 2, 6, 626),
(1507, 2, 8, 627),
(1508, 2, 1, 628),
(1509, 2, 1, 629),
(1510, 2, 1, 630),
(1511, 2, 1, 631),
(1512, 2, 1, 632),
(1513, 2, 8, 633),
(1514, 2, 6, 634),
(1515, 2, 8, 635),
(1516, 2, 1, 636),
(1517, 2, 1, 637),
(1518, 2, 1, 638),
(1519, 2, 1, 639),
(1520, 2, 2, 640),
(1521, 2, 2, 641),
(1522, 2, 1, 642),
(1523, 2, 1, 643),
(1524, 2, 1, 644),
(1525, 2, 1, 645),
(1526, 2, 1, 646),
(1527, 2, 1, 647),
(1528, 2, 1, 648),
(1529, 2, 8, 649),
(1530, 2, 4, 650),
(1531, 2, 8, 651),
(1532, 2, 1, 652),
(1533, 2, 1, 653),
(1534, 2, 1, 654),
(1535, 2, 1, 655),
(1536, 2, 1, 656),
(1537, 2, 8, 657),
(1538, 2, 4, 658),
(1539, 2, 8, 659),
(1540, 2, 1, 660),
(1541, 2, 1, 661),
(1542, 2, 1, 662),
(1543, 2, 1, 663),
(1544, 2, 1, 664),
(1545, 2, 8, 665),
(1546, 2, 4, 666),
(1547, 2, 8, 667),
(1548, 2, 1, 668),
(1549, 2, 1, 669),
(1550, 2, 1, 670),
(1551, 2, 1, 671),
(1552, 2, 1, 672),
(1553, 2, 8, 673),
(1554, 2, 4, 674),
(1555, 2, 8, 675),
(1556, 2, 1, 676),
(1557, 2, 1, 677),
(1558, 2, 1, 678),
(1559, 2, 1, 679),
(1560, 2, 2, 680),
(1561, 2, 2, 681),
(1562, 2, 1, 682),
(1563, 2, 1, 683),
(1564, 2, 1, 684),
(1565, 2, 1, 685),
(1566, 2, 1, 686),
(1567, 2, 1, 687),
(1568, 2, 1, 688),
(1569, 2, 1, 689),
(1570, 2, 1, 690),
(1571, 2, 1, 691),
(1572, 2, 1, 692),
(1573, 2, 1, 693),
(1574, 2, 1, 694),
(1575, 2, 1, 695),
(1576, 2, 1, 696),
(1577, 2, 1, 697),
(1578, 2, 1, 698),
(1579, 2, 1, 699),
(1580, 2, 1, 700),
(1581, 2, 1, 701),
(1582, 2, 1, 702),
(1583, 2, 1, 703),
(1584, 2, 1, 704),
(1585, 2, 1, 705),
(1586, 2, 1, 706),
(1587, 2, 1, 707),
(1588, 2, 1, 708),
(1589, 2, 1, 709),
(1590, 2, 1, 710),
(1591, 2, 1, 711),
(1592, 2, 1, 712),
(1593, 2, 1, 713),
(1594, 2, 1, 714),
(1595, 2, 1, 715),
(1596, 2, 1, 716),
(1597, 2, 1, 717),
(1598, 2, 1, 718),
(1599, 2, 1, 719),
(1600, 2, 2, 720),
(1601, 2, 2, 721),
(1602, 2, 1, 722),
(1603, 2, 1, 723),
(1604, 2, 1, 724),
(1605, 2, 1, 725),
(1606, 2, 1, 726),
(1607, 2, 1, 727),
(1608, 2, 1, 728),
(1609, 2, 1, 729),
(1610, 2, 1, 730),
(1611, 2, 1, 731),
(1612, 2, 1, 732),
(1613, 2, 1, 733),
(1614, 2, 1, 734),
(1615, 2, 1, 735),
(1616, 2, 1, 736),
(1617, 2, 1, 737),
(1618, 2, 1, 738),
(1619, 2, 1, 739),
(1620, 2, 1, 740),
(1621, 2, 1, 741),
(1622, 2, 1, 742),
(1623, 2, 1, 743),
(1624, 2, 1, 744),
(1625, 2, 1, 745),
(1626, 2, 1, 746),
(1627, 2, 1, 747),
(1628, 2, 1, 748),
(1629, 2, 1, 749),
(1630, 2, 1, 750),
(1631, 2, 1, 751),
(1632, 2, 1, 752),
(1633, 2, 1, 753),
(1634, 2, 1, 754),
(1635, 2, 1, 755),
(1636, 2, 1, 756),
(1637, 2, 1, 757),
(1638, 2, 1, 758),
(1639, 2, 1, 759),
(1640, 2, 2, 760),
(1641, 2, 2, 761),
(1642, 2, 1, 762),
(1643, 2, 1, 763),
(1644, 2, 1, 764),
(1645, 2, 1, 765),
(1646, 2, 1, 766),
(1647, 2, 1, 767),
(1648, 2, 1, 768),
(1649, 2, 1, 769),
(1650, 2, 1, 770),
(1651, 2, 1, 771),
(1652, 2, 1, 772),
(1653, 2, 1, 773),
(1654, 2, 1, 774),
(1655, 2, 1, 775),
(1656, 2, 1, 776),
(1657, 2, 1, 777),
(1658, 2, 1, 778),
(1659, 2, 1, 779),
(1660, 2, 1, 780),
(1661, 2, 1, 781),
(1662, 2, 1, 782),
(1663, 2, 1, 783),
(1664, 2, 1, 784),
(1665, 2, 1, 785),
(1666, 2, 1, 786),
(1667, 2, 1, 787),
(1668, 2, 1, 788),
(1669, 2, 1, 789),
(1670, 2, 1, 790),
(1671, 2, 1, 791),
(1672, 2, 1, 792),
(1673, 2, 1, 793),
(1674, 2, 1, 794),
(1675, 2, 1, 795),
(1676, 2, 1, 796),
(1677, 2, 1, 797),
(1678, 2, 1, 798),
(1679, 2, 1, 799),
(1680, 2, 2, 800),
(1681, 2, 2, 801),
(1682, 2, 1, 802),
(1683, 2, 1, 803),
(1684, 2, 1, 804),
(1685, 2, 1, 805),
(1686, 2, 1, 806),
(1687, 2, 1, 807),
(1688, 2, 1, 808),
(1689, 2, 1, 809),
(1690, 2, 1, 810),
(1691, 2, 1, 811),
(1692, 2, 1, 812),
(1693, 2, 1, 813),
(1694, 2, 1, 814),
(1695, 2, 1, 815),
(1696, 2, 1, 816),
(1697, 2, 1, 817),
(1698, 2, 1, 818),
(1699, 2, 1, 819),
(1700, 2, 1, 820),
(1701, 2, 1, 821),
(1702, 2, 1, 822),
(1703, 2, 1, 823),
(1704, 2, 1, 824),
(1705, 2, 1, 825),
(1706, 2, 1, 826),
(1707, 2, 1, 827),
(1708, 2, 1, 828),
(1709, 2, 1, 829),
(1710, 2, 1, 830),
(1711, 2, 1, 831),
(1712, 2, 1, 832),
(1713, 2, 1, 833),
(1714, 2, 1, 834),
(1715, 2, 1, 835),
(1716, 2, 1, 836),
(1717, 2, 1, 837),
(1718, 2, 1, 838),
(1719, 2, 1, 839),
(1720, 2, 2, 840),
(1721, 2, 2, 841),
(1722, 2, 2, 842),
(1723, 2, 2, 843),
(1724, 2, 2, 844),
(1725, 2, 2, 845),
(1726, 2, 2, 846),
(1727, 2, 2, 847),
(1728, 2, 2, 848),
(1729, 2, 2, 849),
(1730, 2, 2, 850),
(1731, 2, 2, 851),
(1732, 2, 2, 852),
(1733, 2, 2, 853),
(1734, 2, 2, 854),
(1735, 2, 2, 855),
(1736, 2, 2, 856),
(1737, 2, 2, 857),
(1738, 2, 2, 858),
(1739, 2, 2, 859),
(1740, 2, 2, 860),
(1741, 2, 2, 861),
(1742, 2, 2, 862),
(1743, 2, 2, 863),
(1744, 2, 2, 864),
(1745, 2, 2, 865),
(1746, 2, 2, 866),
(1747, 2, 2, 867),
(1748, 2, 2, 868),
(1749, 2, 2, 869),
(1750, 2, 2, 870),
(1751, 2, 2, 871),
(1752, 2, 2, 872),
(1753, 2, 2, 873),
(1754, 2, 2, 874),
(1755, 2, 2, 875),
(1756, 2, 2, 876),
(1757, 2, 2, 877),
(1758, 2, 2, 878),
(1759, 2, 2, 879),
(1760, 2, 2, 880),
(1761, 3, 2, 1),
(1762, 3, 2, 2),
(1763, 3, 2, 3),
(1764, 3, 2, 4),
(1765, 3, 2, 5),
(1766, 3, 2, 6),
(1767, 3, 2, 7),
(1768, 3, 2, 8),
(1769, 3, 2, 9),
(1770, 3, 2, 10),
(1771, 3, 2, 11),
(1772, 3, 2, 12),
(1773, 3, 2, 13),
(1774, 3, 2, 14),
(1775, 3, 2, 15),
(1776, 3, 2, 16),
(1777, 3, 2, 17),
(1778, 3, 2, 18),
(1779, 3, 2, 19),
(1780, 3, 2, 20),
(1781, 3, 2, 21),
(1782, 3, 2, 22),
(1783, 3, 2, 23),
(1784, 3, 2, 24),
(1785, 3, 2, 25),
(1786, 3, 2, 26),
(1787, 3, 2, 27),
(1788, 3, 2, 28),
(1789, 3, 2, 29),
(1790, 3, 2, 30),
(1791, 3, 2, 31),
(1792, 3, 2, 32),
(1793, 3, 2, 33),
(1794, 3, 2, 34),
(1795, 3, 2, 35),
(1796, 3, 2, 36),
(1797, 3, 2, 37),
(1798, 3, 2, 38),
(1799, 3, 2, 39),
(1800, 3, 2, 40),
(1801, 3, 2, 41),
(1802, 3, 5, 42),
(1803, 3, 1, 43),
(1804, 3, 1, 44),
(1805, 3, 1, 45),
(1806, 3, 1, 46),
(1807, 3, 1, 47),
(1808, 3, 3, 48),
(1809, 3, 1, 49),
(1810, 3, 1, 50),
(1811, 3, 1, 51),
(1812, 3, 1, 52),
(1813, 3, 1, 53),
(1814, 3, 1, 54),
(1815, 3, 1, 55),
(1816, 3, 1, 56),
(1817, 3, 1, 57),
(1818, 3, 1, 58),
(1819, 3, 1, 59),
(1820, 3, 1, 60),
(1821, 3, 1, 61),
(1822, 3, 1, 62),
(1823, 3, 1, 63),
(1824, 3, 1, 64),
(1825, 3, 1, 65),
(1826, 3, 1, 66),
(1827, 3, 1, 67),
(1828, 3, 1, 68),
(1829, 3, 3, 69),
(1830, 3, 1, 70),
(1831, 3, 1, 71),
(1832, 3, 1, 72),
(1833, 3, 1, 73),
(1834, 3, 1, 74),
(1835, 3, 1, 75),
(1836, 3, 1, 76),
(1837, 3, 1, 77),
(1838, 3, 3, 78),
(1839, 3, 1, 79),
(1840, 3, 2, 80),
(1841, 3, 2, 81),
(1842, 3, 1, 82),
(1843, 3, 1, 83),
(1844, 3, 1, 84),
(1845, 3, 1, 85),
(1846, 3, 1, 86),
(1847, 3, 3, 87),
(1848, 3, 1, 88),
(1849, 3, 1, 89),
(1850, 3, 1, 90),
(1851, 3, 1, 91),
(1852, 3, 1, 92),
(1853, 3, 1, 93),
(1854, 3, 1, 94),
(1855, 3, 1, 95),
(1856, 3, 1, 96),
(1857, 3, 1, 97),
(1858, 3, 1, 98),
(1859, 3, 1, 99),
(1860, 3, 1, 100),
(1861, 3, 1, 101),
(1862, 3, 3, 102),
(1863, 3, 1, 103),
(1864, 3, 1, 104),
(1865, 3, 1, 105),
(1866, 3, 1, 106),
(1867, 3, 1, 107),
(1868, 3, 1, 108),
(1869, 3, 1, 109),
(1870, 3, 1, 110),
(1871, 3, 1, 111),
(1872, 3, 1, 112),
(1873, 3, 1, 113),
(1874, 3, 1, 114),
(1875, 3, 1, 115),
(1876, 3, 1, 116),
(1877, 3, 1, 117),
(1878, 3, 1, 118),
(1879, 3, 1, 119),
(1880, 3, 2, 120),
(1881, 3, 2, 121),
(1882, 3, 1, 122),
(1883, 3, 1, 123),
(1884, 3, 1, 124),
(1885, 3, 1, 125),
(1886, 3, 1, 126),
(1887, 3, 1, 127),
(1888, 3, 1, 128),
(1889, 3, 1, 129),
(1890, 3, 3, 130),
(1891, 3, 1, 131),
(1892, 3, 1, 132),
(1893, 3, 3, 133),
(1894, 3, 1, 134),
(1895, 3, 1, 135),
(1896, 3, 1, 136),
(1897, 3, 1, 137),
(1898, 3, 1, 138),
(1899, 3, 1, 139),
(1900, 3, 1, 140),
(1901, 3, 1, 141),
(1902, 3, 1, 142),
(1903, 3, 1, 143),
(1904, 3, 1, 144),
(1905, 3, 1, 145),
(1906, 3, 1, 146),
(1907, 3, 1, 147),
(1908, 3, 1, 148),
(1909, 3, 1, 149),
(1910, 3, 1, 150),
(1911, 3, 1, 151),
(1912, 3, 1, 152),
(1913, 3, 1, 153),
(1914, 3, 1, 154),
(1915, 3, 1, 155),
(1916, 3, 1, 156),
(1917, 3, 1, 157),
(1918, 3, 1, 158),
(1919, 3, 1, 159),
(1920, 3, 2, 160),
(1921, 3, 2, 161),
(1922, 3, 3, 162),
(1923, 3, 1, 163),
(1924, 3, 1, 164),
(1925, 3, 1, 165),
(1926, 3, 1, 166),
(1927, 3, 1, 167),
(1928, 3, 1, 168),
(1929, 3, 1, 169),
(1930, 3, 1, 170),
(1931, 3, 1, 171),
(1932, 3, 1, 172),
(1933, 3, 1, 173),
(1934, 3, 1, 174),
(1935, 3, 1, 175),
(1936, 3, 1, 176),
(1937, 3, 1, 177),
(1938, 3, 1, 178),
(1939, 3, 1, 179),
(1940, 3, 1, 180),
(1941, 3, 1, 181),
(1942, 3, 1, 182),
(1943, 3, 1, 183),
(1944, 3, 1, 184),
(1945, 3, 1, 185),
(1946, 3, 1, 186),
(1947, 3, 1, 187),
(1948, 3, 1, 188),
(1949, 3, 1, 189),
(1950, 3, 1, 190),
(1951, 3, 1, 191),
(1952, 3, 1, 192),
(1953, 3, 1, 193),
(1954, 3, 1, 194),
(1955, 3, 1, 195),
(1956, 3, 1, 196),
(1957, 3, 1, 197),
(1958, 3, 1, 198),
(1959, 3, 1, 199),
(1960, 3, 2, 200),
(1961, 3, 2, 201),
(1962, 3, 1, 202),
(1963, 3, 1, 203),
(1964, 3, 1, 204),
(1965, 3, 1, 205),
(1966, 3, 1, 206),
(1967, 3, 1, 207),
(1968, 3, 1, 208),
(1969, 3, 1, 209),
(1970, 3, 1, 210),
(1971, 3, 1, 211),
(1972, 3, 1, 212),
(1973, 3, 1, 213),
(1974, 3, 1, 214),
(1975, 3, 1, 215),
(1976, 3, 1, 216),
(1977, 3, 1, 217),
(1978, 3, 1, 218),
(1979, 3, 1, 219),
(1980, 3, 1, 220),
(1981, 3, 3, 221),
(1982, 3, 1, 222),
(1983, 3, 1, 223),
(1984, 3, 1, 224),
(1985, 3, 1, 225),
(1986, 3, 1, 226),
(1987, 3, 1, 227),
(1988, 3, 1, 228),
(1989, 3, 1, 229),
(1990, 3, 1, 230),
(1991, 3, 1, 231),
(1992, 3, 1, 232),
(1993, 3, 1, 233),
(1994, 3, 1, 234),
(1995, 3, 1, 235),
(1996, 3, 1, 236),
(1997, 3, 1, 237),
(1998, 3, 1, 238),
(1999, 3, 1, 239),
(2000, 3, 2, 240),
(2001, 3, 2, 241),
(2002, 3, 1, 242),
(2003, 3, 3, 243),
(2004, 3, 1, 244),
(2005, 3, 1, 245),
(2006, 3, 1, 246),
(2007, 3, 1, 247),
(2008, 3, 1, 248),
(2009, 3, 1, 249),
(2010, 3, 1, 250),
(2011, 3, 1, 251),
(2012, 3, 1, 252),
(2013, 3, 1, 253),
(2014, 3, 1, 254),
(2015, 3, 1, 255),
(2016, 3, 1, 256),
(2017, 3, 1, 257),
(2018, 3, 1, 258),
(2019, 3, 1, 259),
(2020, 3, 1, 260),
(2021, 3, 1, 261),
(2022, 3, 1, 262),
(2023, 3, 1, 263),
(2024, 3, 1, 264),
(2025, 3, 3, 265),
(2026, 3, 1, 266),
(2027, 3, 1, 267),
(2028, 3, 1, 268),
(2029, 3, 1, 269),
(2030, 3, 1, 270),
(2031, 3, 1, 271),
(2032, 3, 1, 272),
(2033, 3, 1, 273),
(2034, 3, 1, 274),
(2035, 3, 3, 275),
(2036, 3, 1, 276),
(2037, 3, 1, 277),
(2038, 3, 1, 278),
(2039, 3, 1, 279),
(2040, 3, 2, 280),
(2041, 3, 2, 281),
(2042, 3, 1, 282),
(2043, 3, 1, 283),
(2044, 3, 3, 284),
(2045, 3, 1, 285),
(2046, 3, 1, 286),
(2047, 3, 1, 287),
(2048, 3, 1, 288),
(2049, 3, 1, 289),
(2050, 3, 3, 290),
(2051, 3, 1, 291),
(2052, 3, 1, 292),
(2053, 3, 1, 293),
(2054, 3, 1, 294),
(2055, 3, 1, 295),
(2056, 3, 1, 296),
(2057, 3, 1, 297),
(2058, 3, 1, 298),
(2059, 3, 1, 299),
(2060, 3, 1, 300),
(2061, 3, 1, 301),
(2062, 3, 3, 302),
(2063, 3, 1, 303),
(2064, 3, 1, 304),
(2065, 3, 3, 305),
(2066, 3, 1, 306),
(2067, 3, 1, 307),
(2068, 3, 1, 308),
(2069, 3, 1, 309),
(2070, 3, 1, 310),
(2071, 3, 1, 311),
(2072, 3, 1, 312),
(2073, 3, 1, 313),
(2074, 3, 1, 314),
(2075, 3, 1, 315),
(2076, 3, 1, 316),
(2077, 3, 1, 317),
(2078, 3, 1, 318),
(2079, 3, 3, 319),
(2080, 3, 2, 320),
(2081, 3, 2, 321),
(2082, 3, 1, 322),
(2083, 3, 1, 323),
(2084, 3, 1, 324),
(2085, 3, 1, 325),
(2086, 3, 1, 326),
(2087, 3, 1, 327),
(2088, 3, 1, 328),
(2089, 3, 1, 329),
(2090, 3, 1, 330),
(2091, 3, 1, 331),
(2092, 3, 1, 332),
(2093, 3, 1, 333),
(2094, 3, 1, 334),
(2095, 3, 3, 335),
(2096, 3, 1, 336),
(2097, 3, 1, 337),
(2098, 3, 1, 338),
(2099, 3, 1, 339),
(2100, 3, 1, 340),
(2101, 3, 1, 341),
(2102, 3, 1, 342),
(2103, 3, 1, 343),
(2104, 3, 1, 344),
(2105, 3, 1, 345),
(2106, 3, 1, 346),
(2107, 3, 1, 347),
(2108, 3, 1, 348),
(2109, 3, 1, 349),
(2110, 3, 1, 350),
(2111, 3, 1, 351),
(2112, 3, 1, 352),
(2113, 3, 1, 353),
(2114, 3, 1, 354),
(2115, 3, 1, 355),
(2116, 3, 1, 356),
(2117, 3, 3, 357),
(2118, 3, 1, 358),
(2119, 3, 1, 359),
(2120, 3, 2, 360),
(2121, 3, 2, 361),
(2122, 3, 1, 362),
(2123, 3, 1, 363),
(2124, 3, 1, 364),
(2125, 3, 1, 365),
(2126, 3, 1, 366),
(2127, 3, 1, 367),
(2128, 3, 1, 368),
(2129, 3, 1, 369),
(2130, 3, 8, 370),
(2131, 3, 7, 371),
(2132, 3, 1, 372),
(2133, 3, 1, 373),
(2134, 3, 1, 374),
(2135, 3, 3, 375),
(2136, 3, 1, 376),
(2137, 3, 1, 377),
(2138, 3, 8, 378),
(2139, 3, 7, 379),
(2140, 3, 1, 380),
(2141, 3, 1, 381),
(2142, 3, 1, 382),
(2143, 3, 1, 383),
(2144, 3, 1, 384),
(2145, 3, 1, 385),
(2146, 3, 8, 386),
(2147, 3, 7, 387),
(2148, 3, 1, 388),
(2149, 3, 1, 389),
(2150, 3, 1, 390),
(2151, 3, 1, 391),
(2152, 3, 1, 392),
(2153, 3, 1, 393),
(2154, 3, 8, 394),
(2155, 3, 7, 395),
(2156, 3, 1, 396),
(2157, 3, 1, 397),
(2158, 3, 1, 398),
(2159, 3, 1, 399),
(2160, 3, 2, 400),
(2161, 3, 2, 401),
(2162, 3, 1, 402),
(2163, 3, 1, 403),
(2164, 3, 1, 404),
(2165, 3, 1, 405),
(2166, 3, 1, 406),
(2167, 3, 1, 407),
(2168, 3, 1, 408),
(2169, 3, 1, 409),
(2170, 3, 8, 410),
(2171, 3, 8, 411),
(2172, 3, 1, 412),
(2173, 3, 1, 413),
(2174, 3, 1, 414),
(2175, 3, 3, 415),
(2176, 3, 1, 416),
(2177, 3, 1, 417),
(2178, 3, 8, 418),
(2179, 3, 8, 419),
(2180, 3, 1, 420),
(2181, 3, 1, 421),
(2182, 3, 1, 422),
(2183, 3, 1, 423),
(2184, 3, 1, 424),
(2185, 3, 1, 425),
(2186, 3, 8, 426),
(2187, 3, 8, 427),
(2188, 3, 1, 428),
(2189, 3, 1, 429),
(2190, 3, 1, 430),
(2191, 3, 1, 431),
(2192, 3, 1, 432),
(2193, 3, 1, 433),
(2194, 3, 8, 434),
(2195, 3, 8, 435),
(2196, 3, 1, 436),
(2197, 3, 3, 437),
(2198, 3, 1, 438),
(2199, 3, 1, 439),
(2200, 3, 2, 440),
(2201, 3, 2, 441),
(2202, 3, 1, 442),
(2203, 3, 1, 443),
(2204, 3, 1, 444),
(2205, 3, 1, 445),
(2206, 3, 1, 446),
(2207, 3, 1, 447),
(2208, 3, 1, 448),
(2209, 3, 1, 449),
(2210, 3, 1, 450),
(2211, 3, 1, 451),
(2212, 3, 1, 452),
(2213, 3, 1, 453),
(2214, 3, 1, 454),
(2215, 3, 1, 455),
(2216, 3, 1, 456),
(2217, 3, 1, 457),
(2218, 3, 1, 458),
(2219, 3, 1, 459),
(2220, 3, 1, 460),
(2221, 3, 1, 461),
(2222, 3, 1, 462),
(2223, 3, 1, 463),
(2224, 3, 1, 464),
(2225, 3, 1, 465),
(2226, 3, 1, 466),
(2227, 3, 1, 467),
(2228, 3, 1, 468),
(2229, 3, 1, 469),
(2230, 3, 1, 470),
(2231, 3, 1, 471),
(2232, 3, 1, 472),
(2233, 3, 1, 473),
(2234, 3, 1, 474),
(2235, 3, 1, 475),
(2236, 3, 1, 476),
(2237, 3, 1, 477),
(2238, 3, 1, 478),
(2239, 3, 1, 479),
(2240, 3, 2, 480),
(2241, 3, 2, 481),
(2242, 3, 1, 482),
(2243, 3, 1, 483),
(2244, 3, 1, 484),
(2245, 3, 3, 485),
(2246, 3, 1, 486),
(2247, 3, 1, 487),
(2248, 3, 1, 488),
(2249, 3, 1, 489),
(2250, 3, 1, 490),
(2251, 3, 1, 491),
(2252, 3, 1, 492),
(2253, 3, 1, 493),
(2254, 3, 1, 494),
(2255, 3, 1, 495),
(2256, 3, 1, 496),
(2257, 3, 1, 497),
(2258, 3, 1, 498),
(2259, 3, 1, 499),
(2260, 3, 1, 500),
(2261, 3, 1, 501),
(2262, 3, 1, 502),
(2263, 3, 1, 503),
(2264, 3, 1, 504),
(2265, 3, 1, 505),
(2266, 3, 1, 506),
(2267, 3, 1, 507),
(2268, 3, 1, 508),
(2269, 3, 1, 509),
(2270, 3, 1, 510),
(2271, 3, 1, 511),
(2272, 3, 1, 512),
(2273, 3, 1, 513),
(2274, 3, 1, 514),
(2275, 3, 1, 515),
(2276, 3, 3, 516),
(2277, 3, 1, 517),
(2278, 3, 1, 518),
(2279, 3, 1, 519),
(2280, 3, 2, 520),
(2281, 3, 2, 521),
(2282, 3, 1, 522),
(2283, 3, 1, 523),
(2284, 3, 1, 524),
(2285, 3, 3, 525),
(2286, 3, 1, 526),
(2287, 3, 1, 527),
(2288, 3, 1, 528),
(2289, 3, 1, 529),
(2290, 3, 1, 530),
(2291, 3, 3, 531),
(2292, 3, 1, 532),
(2293, 3, 1, 533),
(2294, 3, 1, 534),
(2295, 3, 1, 535),
(2296, 3, 1, 536),
(2297, 3, 1, 537),
(2298, 3, 1, 538),
(2299, 3, 1, 539),
(2300, 3, 1, 540),
(2301, 3, 1, 541),
(2302, 3, 1, 542),
(2303, 3, 1, 543),
(2304, 3, 1, 544),
(2305, 3, 1, 545),
(2306, 3, 1, 546),
(2307, 3, 1, 547),
(2308, 3, 1, 548),
(2309, 3, 1, 549),
(2310, 3, 1, 550),
(2311, 3, 1, 551),
(2312, 3, 1, 552),
(2313, 3, 1, 553),
(2314, 3, 1, 554),
(2315, 3, 1, 555),
(2316, 3, 1, 556),
(2317, 3, 1, 557),
(2318, 3, 1, 558),
(2319, 3, 1, 559),
(2320, 3, 2, 560),
(2321, 3, 2, 561),
(2322, 3, 1, 562),
(2323, 3, 1, 563),
(2324, 3, 1, 564),
(2325, 3, 1, 565),
(2326, 3, 1, 566),
(2327, 3, 1, 567),
(2328, 3, 3, 568),
(2329, 3, 1, 569),
(2330, 3, 1, 570),
(2331, 3, 1, 571),
(2332, 3, 1, 572),
(2333, 3, 1, 573),
(2334, 3, 1, 574),
(2335, 3, 1, 575),
(2336, 3, 1, 576),
(2337, 3, 1, 577),
(2338, 3, 1, 578),
(2339, 3, 1, 579),
(2340, 3, 3, 580),
(2341, 3, 1, 581),
(2342, 3, 1, 582),
(2343, 3, 1, 583),
(2344, 3, 1, 584),
(2345, 3, 1, 585),
(2346, 3, 1, 586),
(2347, 3, 1, 587),
(2348, 3, 1, 588),
(2349, 3, 1, 589),
(2350, 3, 1, 590),
(2351, 3, 1, 591),
(2352, 3, 1, 592),
(2353, 3, 1, 593),
(2354, 3, 1, 594),
(2355, 3, 1, 595),
(2356, 3, 1, 596),
(2357, 3, 1, 597),
(2358, 3, 1, 598),
(2359, 3, 3, 599),
(2360, 3, 2, 600),
(2361, 3, 2, 601),
(2362, 3, 1, 602),
(2363, 3, 1, 603),
(2364, 3, 1, 604),
(2365, 3, 1, 605),
(2366, 3, 1, 606),
(2367, 3, 1, 607),
(2368, 3, 1, 608),
(2369, 3, 1, 609),
(2370, 3, 1, 610),
(2371, 3, 1, 611),
(2372, 3, 1, 612),
(2373, 3, 3, 613),
(2374, 3, 1, 614),
(2375, 3, 1, 615),
(2376, 3, 1, 616),
(2377, 3, 1, 617),
(2378, 3, 1, 618),
(2379, 3, 1, 619),
(2380, 3, 1, 620),
(2381, 3, 3, 621),
(2382, 3, 1, 622),
(2383, 3, 1, 623),
(2384, 3, 1, 624),
(2385, 3, 1, 625),
(2386, 3, 1, 626),
(2387, 3, 1, 627),
(2388, 3, 1, 628),
(2389, 3, 1, 629),
(2390, 3, 1, 630),
(2391, 3, 1, 631),
(2392, 3, 1, 632),
(2393, 3, 1, 633),
(2394, 3, 1, 634),
(2395, 3, 1, 635),
(2396, 3, 1, 636),
(2397, 3, 1, 637),
(2398, 3, 1, 638),
(2399, 3, 1, 639),
(2400, 3, 2, 640),
(2401, 3, 2, 641),
(2402, 3, 1, 642),
(2403, 3, 1, 643),
(2404, 3, 3, 644),
(2405, 3, 1, 645),
(2406, 3, 1, 646),
(2407, 3, 1, 647),
(2408, 3, 1, 648),
(2409, 3, 1, 649),
(2410, 3, 1, 650),
(2411, 3, 1, 651),
(2412, 3, 1, 652),
(2413, 3, 1, 653),
(2414, 3, 1, 654),
(2415, 3, 1, 655),
(2416, 3, 1, 656),
(2417, 3, 1, 657),
(2418, 3, 1, 658),
(2419, 3, 3, 659),
(2420, 3, 1, 660),
(2421, 3, 1, 661),
(2422, 3, 1, 662),
(2423, 3, 1, 663),
(2424, 3, 1, 664),
(2425, 3, 1, 665),
(2426, 3, 1, 666),
(2427, 3, 1, 667),
(2428, 3, 1, 668),
(2429, 3, 1, 669),
(2430, 3, 1, 670),
(2431, 3, 1, 671),
(2432, 3, 1, 672),
(2433, 3, 1, 673),
(2434, 3, 1, 674),
(2435, 3, 1, 675),
(2436, 3, 1, 676),
(2437, 3, 1, 677),
(2438, 3, 1, 678),
(2439, 3, 1, 679),
(2440, 3, 2, 680),
(2441, 3, 2, 681),
(2442, 3, 1, 682),
(2443, 3, 1, 683),
(2444, 3, 1, 684),
(2445, 3, 1, 685),
(2446, 3, 1, 686),
(2447, 3, 1, 687),
(2448, 3, 1, 688),
(2449, 3, 1, 689),
(2450, 3, 1, 690),
(2451, 3, 1, 691),
(2452, 3, 1, 692),
(2453, 3, 1, 693),
(2454, 3, 1, 694),
(2455, 3, 1, 695),
(2456, 3, 1, 696),
(2457, 3, 1, 697),
(2458, 3, 1, 698),
(2459, 3, 1, 699),
(2460, 3, 1, 700),
(2461, 3, 1, 701),
(2462, 3, 1, 702),
(2463, 3, 3, 703),
(2464, 3, 1, 704),
(2465, 3, 1, 705),
(2466, 3, 1, 706),
(2467, 3, 1, 707),
(2468, 3, 1, 708),
(2469, 3, 1, 709),
(2470, 3, 1, 710),
(2471, 3, 1, 711),
(2472, 3, 1, 712),
(2473, 3, 3, 713),
(2474, 3, 1, 714),
(2475, 3, 1, 715),
(2476, 3, 1, 716),
(2477, 3, 1, 717),
(2478, 3, 1, 718),
(2479, 3, 1, 719),
(2480, 3, 2, 720),
(2481, 3, 2, 721),
(2482, 3, 1, 722),
(2483, 3, 1, 723),
(2484, 3, 1, 724),
(2485, 3, 1, 725),
(2486, 3, 1, 726),
(2487, 3, 1, 727),
(2488, 3, 1, 728),
(2489, 3, 1, 729),
(2490, 3, 1, 730),
(2491, 3, 1, 731),
(2492, 3, 1, 732),
(2493, 3, 1, 733),
(2494, 3, 1, 734),
(2495, 3, 1, 735),
(2496, 3, 1, 736),
(2497, 3, 1, 737),
(2498, 3, 1, 738),
(2499, 3, 1, 739),
(2500, 3, 1, 740),
(2501, 3, 1, 741),
(2502, 3, 1, 742),
(2503, 3, 1, 743),
(2504, 3, 1, 744),
(2505, 3, 1, 745),
(2506, 3, 1, 746),
(2507, 3, 1, 747),
(2508, 3, 1, 748),
(2509, 3, 1, 749),
(2510, 3, 1, 750),
(2511, 3, 1, 751),
(2512, 3, 1, 752),
(2513, 3, 1, 753),
(2514, 3, 3, 754),
(2515, 3, 1, 755),
(2516, 3, 1, 756),
(2517, 3, 3, 757),
(2518, 3, 1, 758),
(2519, 3, 1, 759),
(2520, 3, 2, 760),
(2521, 3, 2, 761),
(2522, 3, 1, 762),
(2523, 3, 1, 763),
(2524, 3, 1, 764),
(2525, 3, 1, 765),
(2526, 3, 3, 766),
(2527, 3, 1, 767),
(2528, 3, 1, 768),
(2529, 3, 1, 769),
(2530, 3, 1, 770),
(2531, 3, 1, 771),
(2532, 3, 1, 772),
(2533, 3, 3, 773),
(2534, 3, 1, 774),
(2535, 3, 3, 775),
(2536, 3, 3, 776),
(2537, 3, 1, 777),
(2538, 3, 1, 778),
(2539, 3, 1, 779),
(2540, 3, 1, 780),
(2541, 3, 1, 781),
(2542, 3, 1, 782),
(2543, 3, 1, 783),
(2544, 3, 1, 784),
(2545, 3, 1, 785),
(2546, 3, 1, 786),
(2547, 3, 1, 787),
(2548, 3, 1, 788),
(2549, 3, 1, 789),
(2550, 3, 1, 790),
(2551, 3, 1, 791),
(2552, 3, 1, 792),
(2553, 3, 1, 793),
(2554, 3, 1, 794),
(2555, 3, 3, 795),
(2556, 3, 1, 796),
(2557, 3, 1, 797),
(2558, 3, 1, 798),
(2559, 3, 1, 799),
(2560, 3, 2, 800),
(2561, 3, 2, 801),
(2562, 3, 1, 802),
(2563, 3, 1, 803),
(2564, 3, 1, 804),
(2565, 3, 1, 805),
(2566, 3, 1, 806),
(2567, 3, 1, 807),
(2568, 3, 1, 808),
(2569, 3, 1, 809),
(2570, 3, 1, 810),
(2571, 3, 1, 811),
(2572, 3, 1, 812),
(2573, 3, 3, 813),
(2574, 3, 1, 814),
(2575, 3, 3, 815),
(2576, 3, 3, 816),
(2577, 3, 1, 817),
(2578, 3, 1, 818),
(2579, 3, 1, 819),
(2580, 3, 1, 820),
(2581, 3, 1, 821),
(2582, 3, 1, 822),
(2583, 3, 1, 823),
(2584, 3, 1, 824),
(2585, 3, 1, 825),
(2586, 3, 1, 826),
(2587, 3, 1, 827),
(2588, 3, 1, 828),
(2589, 3, 3, 829),
(2590, 3, 1, 830),
(2591, 3, 3, 831),
(2592, 3, 1, 832),
(2593, 3, 1, 833),
(2594, 3, 1, 834),
(2595, 3, 1, 835),
(2596, 3, 1, 836),
(2597, 3, 1, 837),
(2598, 3, 1, 838),
(2599, 3, 2, 839),
(2600, 3, 2, 840),
(2601, 3, 2, 841),
(2602, 3, 2, 842),
(2603, 3, 2, 843),
(2604, 3, 2, 844),
(2605, 3, 2, 845),
(2606, 3, 2, 846),
(2607, 3, 2, 847),
(2608, 3, 2, 848),
(2609, 3, 2, 849),
(2610, 3, 2, 850),
(2611, 3, 2, 851),
(2612, 3, 2, 852),
(2613, 3, 2, 853),
(2614, 3, 2, 854),
(2615, 3, 2, 855),
(2616, 3, 2, 856),
(2617, 3, 2, 857),
(2618, 3, 2, 858),
(2619, 3, 2, 859),
(2620, 3, 2, 860),
(2621, 3, 2, 861),
(2622, 3, 2, 862),
(2623, 3, 2, 863),
(2624, 3, 2, 864),
(2625, 3, 2, 865),
(2626, 3, 2, 866),
(2627, 3, 2, 867),
(2628, 3, 2, 868),
(2629, 3, 2, 869),
(2630, 3, 2, 870),
(2631, 3, 2, 871),
(2632, 3, 2, 872),
(2633, 3, 2, 873),
(2634, 3, 2, 874),
(2635, 3, 2, 875),
(2636, 3, 2, 876),
(2637, 3, 2, 877),
(2638, 3, 2, 878),
(2639, 3, 2, 879),
(2640, 3, 2, 880),
(2641, 4, 2, 1),
(2642, 4, 2, 2),
(2643, 4, 2, 3),
(2644, 4, 2, 4),
(2645, 4, 2, 5),
(2646, 4, 2, 6),
(2647, 4, 2, 7),
(2648, 4, 2, 8),
(2649, 4, 2, 9),
(2650, 4, 2, 10),
(2651, 4, 2, 11),
(2652, 4, 2, 12),
(2653, 4, 2, 13),
(2654, 4, 2, 14),
(2655, 4, 2, 15),
(2656, 4, 2, 16),
(2657, 4, 2, 17),
(2658, 4, 2, 18),
(2659, 4, 2, 19),
(2660, 4, 2, 20),
(2661, 4, 2, 21),
(2662, 4, 2, 22),
(2663, 4, 2, 23),
(2664, 4, 2, 24),
(2665, 4, 2, 25),
(2666, 4, 2, 26),
(2667, 4, 2, 27),
(2668, 4, 2, 28),
(2669, 4, 2, 29),
(2670, 4, 2, 30),
(2671, 4, 2, 31),
(2672, 4, 2, 32),
(2673, 4, 2, 33),
(2674, 4, 2, 34),
(2675, 4, 2, 35),
(2676, 4, 2, 36),
(2677, 4, 2, 37),
(2678, 4, 2, 38),
(2679, 4, 2, 39),
(2680, 4, 2, 40),
(2681, 4, 2, 41),
(2682, 4, 1, 42),
(2683, 4, 3, 43),
(2684, 4, 1, 44),
(2685, 4, 1, 45),
(2686, 4, 3, 46),
(2687, 4, 1, 47),
(2688, 4, 1, 48),
(2689, 4, 2, 49),
(2690, 4, 1, 50),
(2691, 4, 3, 51),
(2692, 4, 1, 52),
(2693, 4, 1, 53),
(2694, 4, 1, 54),
(2695, 4, 4, 55),
(2696, 4, 1, 56),
(2697, 4, 2, 57),
(2698, 4, 1, 58),
(2699, 4, 1, 59),
(2700, 4, 1, 60),
(2701, 4, 8, 61),
(2702, 4, 1, 62),
(2703, 4, 3, 63),
(2704, 4, 1, 64),
(2705, 4, 2, 65),
(2706, 4, 3, 66),
(2707, 4, 1, 67),
(2708, 4, 1, 68),
(2709, 4, 1, 69),
(2710, 4, 1, 70),
(2711, 4, 1, 71),
(2712, 4, 1, 72),
(2713, 4, 2, 73),
(2714, 4, 1, 74),
(2715, 4, 1, 75),
(2716, 4, 3, 76),
(2717, 4, 3, 77),
(2718, 4, 1, 78),
(2719, 4, 1, 79),
(2720, 4, 2, 80),
(2721, 4, 2, 81),
(2722, 4, 1, 82),
(2723, 4, 1, 83),
(2724, 4, 1, 84),
(2725, 4, 1, 85),
(2726, 4, 1, 86),
(2727, 4, 1, 87),
(2728, 4, 1, 88),
(2729, 4, 2, 89),
(2730, 4, 1, 90),
(2731, 4, 1, 91),
(2732, 4, 1, 92),
(2733, 4, 1, 93),
(2734, 4, 1, 94),
(2735, 4, 1, 95),
(2736, 4, 3, 96),
(2737, 4, 2, 97),
(2738, 4, 3, 98),
(2739, 4, 3, 99),
(2740, 4, 1, 100),
(2741, 4, 8, 101),
(2742, 4, 1, 102),
(2743, 4, 1, 103),
(2744, 4, 1, 104),
(2745, 4, 2, 105),
(2746, 4, 8, 106),
(2747, 4, 1, 107),
(2748, 4, 1, 108),
(2749, 4, 4, 109),
(2750, 4, 1, 110),
(2751, 4, 1, 111),
(2752, 4, 1, 112),
(2753, 4, 2, 113),
(2754, 4, 1, 114),
(2755, 4, 1, 115),
(2756, 4, 1, 116),
(2757, 4, 1, 117),
(2758, 4, 3, 118),
(2759, 4, 1, 119),
(2760, 4, 2, 120),
(2761, 4, 2, 121),
(2762, 4, 8, 122),
(2763, 4, 8, 123),
(2764, 4, 8, 124),
(2765, 4, 8, 125),
(2766, 4, 8, 126),
(2767, 4, 8, 127),
(2768, 4, 8, 128),
(2769, 4, 8, 129),
(2770, 4, 8, 130),
(2771, 4, 8, 131),
(2772, 4, 8, 132),
(2773, 4, 8, 133),
(2774, 4, 8, 134),
(2775, 4, 8, 135),
(2776, 4, 8, 136),
(2777, 4, 8, 137),
(2778, 4, 8, 138),
(2779, 4, 8, 139),
(2780, 4, 8, 140),
(2781, 4, 8, 141),
(2782, 4, 8, 142),
(2783, 4, 8, 143),
(2784, 4, 8, 144),
(2785, 4, 8, 145),
(2786, 4, 8, 146),
(2787, 4, 8, 147),
(2788, 4, 8, 148),
(2789, 4, 8, 149),
(2790, 4, 8, 150),
(2791, 4, 8, 151),
(2792, 4, 8, 152),
(2793, 4, 8, 153),
(2794, 4, 8, 154),
(2795, 4, 8, 155),
(2796, 4, 8, 156),
(2797, 4, 8, 157),
(2798, 4, 8, 158),
(2799, 4, 8, 159),
(2800, 4, 2, 160),
(2801, 4, 2, 161),
(2802, 4, 4, 162),
(2803, 4, 1, 163),
(2804, 4, 1, 164),
(2805, 4, 1, 165),
(2806, 4, 1, 166),
(2807, 4, 1, 167),
(2808, 4, 1, 168),
(2809, 4, 2, 169),
(2810, 4, 1, 170),
(2811, 4, 3, 171),
(2812, 4, 1, 172),
(2813, 4, 1, 173),
(2814, 4, 1, 174),
(2815, 4, 1, 175),
(2816, 4, 3, 176),
(2817, 4, 2, 177),
(2818, 4, 1, 178),
(2819, 4, 3, 179),
(2820, 4, 1, 180),
(2821, 4, 8, 181),
(2822, 4, 1, 182),
(2823, 4, 1, 183),
(2824, 4, 8, 184),
(2825, 4, 2, 185),
(2826, 4, 1, 186),
(2827, 4, 1, 187),
(2828, 4, 3, 188),
(2829, 4, 1, 189),
(2830, 4, 1, 190),
(2831, 4, 4, 191),
(2832, 4, 1, 192),
(2833, 4, 2, 193),
(2834, 4, 1, 194),
(2835, 4, 1, 195),
(2836, 4, 3, 196),
(2837, 4, 1, 197),
(2838, 4, 3, 198),
(2839, 4, 1, 199),
(2840, 4, 2, 200),
(2841, 4, 2, 201),
(2842, 4, 1, 202),
(2843, 4, 1, 203),
(2844, 4, 1, 204),
(2845, 4, 1, 205),
(2846, 4, 1, 206),
(2847, 4, 1, 207),
(2848, 4, 1, 208),
(2849, 4, 2, 209),
(2850, 4, 1, 210),
(2851, 4, 3, 211),
(2852, 4, 1, 212),
(2853, 4, 1, 213),
(2854, 4, 1, 214),
(2855, 4, 1, 215),
(2856, 4, 3, 216),
(2857, 4, 2, 217),
(2858, 4, 1, 218),
(2859, 4, 3, 219),
(2860, 4, 1, 220),
(2861, 4, 8, 221),
(2862, 4, 3, 222),
(2863, 4, 1, 223),
(2864, 4, 1, 224),
(2865, 4, 2, 225),
(2866, 4, 1, 226),
(2867, 4, 1, 227),
(2868, 4, 1, 228),
(2869, 4, 1, 229),
(2870, 4, 1, 230),
(2871, 4, 3, 231),
(2872, 4, 1, 232),
(2873, 4, 2, 233),
(2874, 4, 1, 234),
(2875, 4, 1, 235),
(2876, 4, 1, 236),
(2877, 4, 8, 237),
(2878, 4, 1, 238),
(2879, 4, 1, 239),
(2880, 4, 2, 240),
(2881, 4, 2, 241),
(2882, 4, 2, 242),
(2883, 4, 2, 243),
(2884, 4, 2, 244),
(2885, 4, 2, 245),
(2886, 4, 2, 246),
(2887, 4, 2, 247),
(2888, 4, 2, 248),
(2889, 4, 2, 249),
(2890, 4, 2, 250),
(2891, 4, 2, 251),
(2892, 4, 2, 252),
(2893, 4, 2, 253),
(2894, 4, 2, 254),
(2895, 4, 2, 255),
(2896, 4, 2, 256),
(2897, 4, 2, 257),
(2898, 4, 2, 258),
(2899, 4, 2, 259),
(2900, 4, 2, 260),
(2901, 4, 8, 261),
(2902, 4, 2, 262),
(2903, 4, 2, 263),
(2904, 4, 2, 264),
(2905, 4, 2, 265),
(2906, 4, 2, 266),
(2907, 4, 2, 267),
(2908, 4, 2, 268),
(2909, 4, 2, 269),
(2910, 4, 2, 270),
(2911, 4, 2, 271),
(2912, 4, 2, 272),
(2913, 4, 2, 273),
(2914, 4, 2, 274),
(2915, 4, 2, 275),
(2916, 4, 2, 276),
(2917, 4, 2, 277),
(2918, 4, 2, 278),
(2919, 4, 2, 279),
(2920, 4, 2, 280),
(2921, 4, 2, 281),
(2922, 4, 1, 282),
(2923, 4, 1, 283),
(2924, 4, 1, 284),
(2925, 4, 1, 285),
(2926, 4, 3, 286),
(2927, 4, 3, 287),
(2928, 4, 1, 288),
(2929, 4, 2, 289),
(2930, 4, 1, 290),
(2931, 4, 1, 291),
(2932, 4, 3, 292),
(2933, 4, 1, 293),
(2934, 4, 1, 294),
(2935, 4, 1, 295),
(2936, 4, 1, 296),
(2937, 4, 2, 297),
(2938, 4, 1, 298),
(2939, 4, 1, 299),
(2940, 4, 1, 300),
(2941, 4, 8, 301),
(2942, 4, 1, 302),
(2943, 4, 1, 303),
(2944, 4, 3, 304),
(2945, 4, 2, 305),
(2946, 4, 1, 306),
(2947, 4, 1, 307),
(2948, 4, 1, 308),
(2949, 4, 1, 309),
(2950, 4, 3, 310),
(2951, 4, 1, 311),
(2952, 4, 1, 312),
(2953, 4, 2, 313),
(2954, 4, 1, 314),
(2955, 4, 1, 315),
(2956, 4, 1, 316),
(2957, 4, 1, 317),
(2958, 4, 1, 318),
(2959, 4, 3, 319),
(2960, 4, 2, 320),
(2961, 4, 2, 321),
(2962, 4, 1, 322),
(2963, 4, 1, 323),
(2964, 4, 1, 324),
(2965, 4, 1, 325),
(2966, 4, 1, 326),
(2967, 4, 1, 327),
(2968, 4, 1, 328),
(2969, 4, 2, 329),
(2970, 4, 1, 330),
(2971, 4, 1, 331),
(2972, 4, 8, 332),
(2973, 4, 1, 333),
(2974, 4, 1, 334),
(2975, 4, 1, 335),
(2976, 4, 1, 336),
(2977, 4, 2, 337),
(2978, 4, 1, 338),
(2979, 4, 1, 339),
(2980, 4, 1, 340),
(2981, 4, 8, 341),
(2982, 4, 1, 342),
(2983, 4, 1, 343),
(2984, 4, 1, 344),
(2985, 4, 2, 345),
(2986, 4, 1, 346),
(2987, 4, 1, 347),
(2988, 4, 1, 348),
(2989, 4, 1, 349),
(2990, 4, 3, 350),
(2991, 4, 1, 351),
(2992, 4, 8, 352),
(2993, 4, 2, 353),
(2994, 4, 1, 354),
(2995, 4, 1, 355),
(2996, 4, 1, 356),
(2997, 4, 1, 357),
(2998, 4, 1, 358),
(2999, 4, 3, 359),
(3000, 4, 2, 360),
(3001, 4, 2, 361),
(3002, 4, 8, 362),
(3003, 4, 8, 363),
(3004, 4, 8, 364),
(3005, 4, 8, 365),
(3006, 4, 8, 366),
(3007, 4, 8, 367),
(3008, 4, 8, 368),
(3009, 4, 8, 369),
(3010, 4, 8, 370),
(3011, 4, 8, 371),
(3012, 4, 8, 372),
(3013, 4, 8, 373),
(3014, 4, 8, 374),
(3015, 4, 8, 375),
(3016, 4, 8, 376),
(3017, 4, 8, 377),
(3018, 4, 8, 378),
(3019, 4, 8, 379),
(3020, 4, 8, 380),
(3021, 4, 8, 381),
(3022, 4, 8, 382),
(3023, 4, 8, 383),
(3024, 4, 8, 384),
(3025, 4, 8, 385),
(3026, 4, 8, 386),
(3027, 4, 8, 387);
INSERT INTO `square` (`squareId`, `levelId`, `elementId`, `locationId`) VALUES
(3028, 4, 8, 388),
(3029, 4, 8, 389),
(3030, 4, 8, 390),
(3031, 4, 8, 391),
(3032, 4, 8, 392),
(3033, 4, 8, 393),
(3034, 4, 8, 394),
(3035, 4, 8, 395),
(3036, 4, 8, 396),
(3037, 4, 8, 397),
(3038, 4, 8, 398),
(3039, 4, 8, 399),
(3040, 4, 2, 400),
(3041, 4, 2, 401),
(3042, 4, 3, 402),
(3043, 4, 1, 403),
(3044, 4, 1, 404),
(3045, 4, 3, 405),
(3046, 4, 1, 406),
(3047, 4, 1, 407),
(3048, 4, 1, 408),
(3049, 4, 2, 409),
(3050, 4, 1, 410),
(3051, 4, 1, 411),
(3052, 4, 1, 412),
(3053, 4, 1, 413),
(3054, 4, 3, 414),
(3055, 4, 1, 415),
(3056, 4, 1, 416),
(3057, 4, 2, 417),
(3058, 4, 1, 418),
(3059, 4, 1, 419),
(3060, 4, 3, 420),
(3061, 4, 8, 421),
(3062, 4, 1, 422),
(3063, 4, 1, 423),
(3064, 4, 1, 424),
(3065, 4, 2, 425),
(3066, 4, 1, 426),
(3067, 4, 1, 427),
(3068, 4, 1, 428),
(3069, 4, 1, 429),
(3070, 4, 1, 430),
(3071, 4, 1, 431),
(3072, 4, 4, 432),
(3073, 4, 2, 433),
(3074, 4, 3, 434),
(3075, 4, 1, 435),
(3076, 4, 1, 436),
(3077, 4, 1, 437),
(3078, 4, 1, 438),
(3079, 4, 1, 439),
(3080, 4, 2, 440),
(3081, 4, 2, 441),
(3082, 4, 3, 442),
(3083, 4, 1, 443),
(3084, 4, 1, 444),
(3085, 4, 1, 445),
(3086, 4, 1, 446),
(3087, 4, 3, 447),
(3088, 4, 1, 448),
(3089, 4, 2, 449),
(3090, 4, 1, 450),
(3091, 4, 1, 451),
(3092, 4, 3, 452),
(3093, 4, 1, 453),
(3094, 4, 1, 454),
(3095, 4, 3, 455),
(3096, 4, 1, 456),
(3097, 4, 2, 457),
(3098, 4, 1, 458),
(3099, 4, 1, 459),
(3100, 4, 1, 460),
(3101, 4, 8, 461),
(3102, 4, 1, 462),
(3103, 4, 8, 463),
(3104, 4, 3, 464),
(3105, 4, 2, 465),
(3106, 4, 1, 466),
(3107, 4, 1, 467),
(3108, 4, 1, 468),
(3109, 4, 1, 469),
(3110, 4, 1, 470),
(3111, 4, 1, 471),
(3112, 4, 1, 472),
(3113, 4, 2, 473),
(3114, 4, 3, 474),
(3115, 4, 1, 475),
(3116, 4, 1, 476),
(3117, 4, 1, 477),
(3118, 4, 3, 478),
(3119, 4, 1, 479),
(3120, 4, 2, 480),
(3121, 4, 2, 481),
(3122, 4, 1, 482),
(3123, 4, 3, 483),
(3124, 4, 1, 484),
(3125, 4, 1, 485),
(3126, 4, 1, 486),
(3127, 4, 1, 487),
(3128, 4, 1, 488),
(3129, 4, 2, 489),
(3130, 4, 1, 490),
(3131, 4, 1, 491),
(3132, 4, 1, 492),
(3133, 4, 3, 493),
(3134, 4, 1, 494),
(3135, 4, 1, 495),
(3136, 4, 1, 496),
(3137, 4, 2, 497),
(3138, 4, 1, 498),
(3139, 4, 1, 499),
(3140, 4, 1, 500),
(3141, 4, 8, 501),
(3142, 4, 1, 502),
(3143, 4, 8, 503),
(3144, 4, 3, 504),
(3145, 4, 2, 505),
(3146, 4, 1, 506),
(3147, 4, 1, 507),
(3148, 4, 1, 508),
(3149, 4, 1, 509),
(3150, 4, 1, 510),
(3151, 4, 1, 511),
(3152, 4, 1, 512),
(3153, 4, 2, 513),
(3154, 4, 8, 514),
(3155, 4, 3, 515),
(3156, 4, 1, 516),
(3157, 4, 1, 517),
(3158, 4, 3, 518),
(3159, 4, 1, 519),
(3160, 4, 2, 520),
(3161, 4, 2, 521),
(3162, 4, 2, 522),
(3163, 4, 2, 523),
(3164, 4, 2, 524),
(3165, 4, 2, 525),
(3166, 4, 2, 526),
(3167, 4, 2, 527),
(3168, 4, 2, 528),
(3169, 4, 2, 529),
(3170, 4, 2, 530),
(3171, 4, 2, 531),
(3172, 4, 2, 532),
(3173, 4, 2, 533),
(3174, 4, 2, 534),
(3175, 4, 2, 535),
(3176, 4, 2, 536),
(3177, 4, 2, 537),
(3178, 4, 2, 538),
(3179, 4, 2, 539),
(3180, 4, 2, 540),
(3181, 4, 8, 541),
(3182, 4, 2, 542),
(3183, 4, 2, 543),
(3184, 4, 2, 544),
(3185, 4, 2, 545),
(3186, 4, 2, 546),
(3187, 4, 2, 547),
(3188, 4, 2, 548),
(3189, 4, 2, 549),
(3190, 4, 2, 550),
(3191, 4, 2, 551),
(3192, 4, 2, 552),
(3193, 4, 2, 553),
(3194, 4, 2, 554),
(3195, 4, 2, 555),
(3196, 4, 2, 556),
(3197, 4, 2, 557),
(3198, 4, 2, 558),
(3199, 4, 2, 559),
(3200, 4, 2, 560),
(3201, 4, 2, 561),
(3202, 4, 3, 562),
(3203, 4, 1, 563),
(3204, 4, 8, 564),
(3205, 4, 8, 565),
(3206, 4, 6, 566),
(3207, 4, 1, 567),
(3208, 4, 1, 568),
(3209, 4, 2, 569),
(3210, 4, 1, 570),
(3211, 4, 1, 571),
(3212, 4, 1, 572),
(3213, 4, 1, 573),
(3214, 4, 3, 574),
(3215, 4, 1, 575),
(3216, 4, 3, 576),
(3217, 4, 2, 577),
(3218, 4, 1, 578),
(3219, 4, 1, 579),
(3220, 4, 1, 580),
(3221, 4, 8, 581),
(3222, 4, 1, 582),
(3223, 4, 1, 583),
(3224, 4, 1, 584),
(3225, 4, 2, 585),
(3226, 4, 1, 586),
(3227, 4, 3, 587),
(3228, 4, 4, 588),
(3229, 4, 1, 589),
(3230, 4, 1, 590),
(3231, 4, 3, 591),
(3232, 4, 1, 592),
(3233, 4, 2, 593),
(3234, 4, 1, 594),
(3235, 4, 1, 595),
(3236, 4, 1, 596),
(3237, 4, 1, 597),
(3238, 4, 1, 598),
(3239, 4, 1, 599),
(3240, 4, 2, 600),
(3241, 4, 2, 601),
(3242, 4, 1, 602),
(3243, 4, 1, 603),
(3244, 4, 1, 604),
(3245, 4, 1, 605),
(3246, 4, 1, 606),
(3247, 4, 3, 607),
(3248, 4, 1, 608),
(3249, 4, 2, 609),
(3250, 4, 3, 610),
(3251, 4, 1, 611),
(3252, 4, 1, 612),
(3253, 4, 1, 613),
(3254, 4, 1, 614),
(3255, 4, 1, 615),
(3256, 4, 1, 616),
(3257, 4, 2, 617),
(3258, 4, 1, 618),
(3259, 4, 1, 619),
(3260, 4, 4, 620),
(3261, 4, 8, 621),
(3262, 4, 1, 622),
(3263, 4, 1, 623),
(3264, 4, 1, 624),
(3265, 4, 2, 625),
(3266, 4, 8, 626),
(3267, 4, 1, 627),
(3268, 4, 1, 628),
(3269, 4, 3, 629),
(3270, 4, 1, 630),
(3271, 4, 1, 631),
(3272, 4, 1, 632),
(3273, 4, 2, 633),
(3274, 4, 1, 634),
(3275, 4, 3, 635),
(3276, 4, 1, 636),
(3277, 4, 3, 637),
(3278, 4, 3, 638),
(3279, 4, 1, 639),
(3280, 4, 2, 640),
(3281, 4, 2, 641),
(3282, 4, 8, 642),
(3283, 4, 8, 643),
(3284, 4, 8, 644),
(3285, 4, 8, 645),
(3286, 4, 8, 646),
(3287, 4, 8, 647),
(3288, 4, 8, 648),
(3289, 4, 8, 649),
(3290, 4, 8, 650),
(3291, 4, 8, 651),
(3292, 4, 8, 652),
(3293, 4, 8, 653),
(3294, 4, 8, 654),
(3295, 4, 8, 655),
(3296, 4, 8, 656),
(3297, 4, 8, 657),
(3298, 4, 8, 658),
(3299, 4, 8, 659),
(3300, 4, 8, 660),
(3301, 4, 8, 661),
(3302, 4, 8, 662),
(3303, 4, 8, 663),
(3304, 4, 8, 664),
(3305, 4, 8, 665),
(3306, 4, 8, 666),
(3307, 4, 8, 667),
(3308, 4, 8, 668),
(3309, 4, 8, 669),
(3310, 4, 8, 670),
(3311, 4, 8, 671),
(3312, 4, 8, 672),
(3313, 4, 8, 673),
(3314, 4, 8, 674),
(3315, 4, 8, 675),
(3316, 4, 8, 676),
(3317, 4, 8, 677),
(3318, 4, 8, 678),
(3319, 4, 8, 679),
(3320, 4, 2, 680),
(3321, 4, 2, 681),
(3322, 4, 4, 682),
(3323, 4, 1, 683),
(3324, 4, 1, 684),
(3325, 4, 8, 685),
(3326, 4, 1, 686),
(3327, 4, 3, 687),
(3328, 4, 1, 688),
(3329, 4, 2, 689),
(3330, 4, 3, 690),
(3331, 4, 1, 691),
(3332, 4, 1, 692),
(3333, 4, 1, 693),
(3334, 4, 1, 694),
(3335, 4, 3, 695),
(3336, 4, 1, 696),
(3337, 4, 2, 697),
(3338, 4, 1, 698),
(3339, 4, 3, 699),
(3340, 4, 1, 700),
(3341, 4, 8, 701),
(3342, 4, 1, 702),
(3343, 4, 1, 703),
(3344, 4, 3, 704),
(3345, 4, 2, 705),
(3346, 4, 1, 706),
(3347, 4, 3, 707),
(3348, 4, 1, 708),
(3349, 4, 3, 709),
(3350, 4, 1, 710),
(3351, 4, 1, 711),
(3352, 4, 1, 712),
(3353, 4, 2, 713),
(3354, 4, 1, 714),
(3355, 4, 1, 715),
(3356, 4, 1, 716),
(3357, 4, 1, 717),
(3358, 4, 1, 718),
(3359, 4, 1, 719),
(3360, 4, 2, 720),
(3361, 4, 2, 721),
(3362, 4, 1, 722),
(3363, 4, 1, 723),
(3364, 4, 1, 724),
(3365, 4, 1, 725),
(3366, 4, 1, 726),
(3367, 4, 3, 727),
(3368, 4, 1, 728),
(3369, 4, 2, 729),
(3370, 4, 3, 730),
(3371, 4, 1, 731),
(3372, 4, 1, 732),
(3373, 4, 4, 733),
(3374, 4, 1, 734),
(3375, 4, 1, 735),
(3376, 4, 1, 736),
(3377, 4, 2, 737),
(3378, 4, 1, 738),
(3379, 4, 1, 739),
(3380, 4, 1, 740),
(3381, 4, 8, 741),
(3382, 4, 3, 742),
(3383, 4, 1, 743),
(3384, 4, 1, 744),
(3385, 4, 2, 745),
(3386, 4, 1, 746),
(3387, 4, 1, 747),
(3388, 4, 3, 748),
(3389, 4, 1, 749),
(3390, 4, 1, 750),
(3391, 4, 1, 751),
(3392, 4, 1, 752),
(3393, 4, 2, 753),
(3394, 4, 1, 754),
(3395, 4, 1, 755),
(3396, 4, 1, 756),
(3397, 4, 3, 757),
(3398, 4, 3, 758),
(3399, 4, 8, 759),
(3400, 4, 2, 760),
(3401, 4, 2, 761),
(3402, 4, 1, 762),
(3403, 4, 4, 763),
(3404, 4, 1, 764),
(3405, 4, 1, 765),
(3406, 4, 1, 766),
(3407, 4, 8, 767),
(3408, 4, 3, 768),
(3409, 4, 2, 769),
(3410, 4, 1, 770),
(3411, 4, 1, 771),
(3412, 4, 3, 772),
(3413, 4, 1, 773),
(3414, 4, 1, 774),
(3415, 4, 1, 775),
(3416, 4, 1, 776),
(3417, 4, 2, 777),
(3418, 4, 1, 778),
(3419, 4, 5, 779),
(3420, 4, 4, 780),
(3421, 4, 8, 781),
(3422, 4, 3, 782),
(3423, 4, 1, 783),
(3424, 4, 1, 784),
(3425, 4, 2, 785),
(3426, 4, 1, 786),
(3427, 4, 8, 787),
(3428, 4, 1, 788),
(3429, 4, 1, 789),
(3430, 4, 1, 790),
(3431, 4, 1, 791),
(3432, 4, 1, 792),
(3433, 4, 2, 793),
(3434, 4, 1, 794),
(3435, 4, 1, 795),
(3436, 4, 1, 796),
(3437, 4, 3, 797),
(3438, 4, 3, 798),
(3439, 4, 8, 799),
(3440, 4, 2, 800),
(3441, 4, 2, 801),
(3442, 4, 1, 802),
(3443, 4, 3, 803),
(3444, 4, 1, 804),
(3445, 4, 1, 805),
(3446, 4, 1, 806),
(3447, 4, 1, 807),
(3448, 4, 8, 808),
(3449, 4, 2, 809),
(3450, 4, 1, 810),
(3451, 4, 1, 811),
(3452, 4, 8, 812),
(3453, 4, 1, 813),
(3454, 4, 1, 814),
(3455, 4, 3, 815),
(3456, 4, 1, 816),
(3457, 4, 2, 817),
(3458, 4, 1, 818),
(3459, 4, 2, 819),
(3460, 4, 1, 820),
(3461, 4, 8, 821),
(3462, 4, 1, 822),
(3463, 4, 1, 823),
(3464, 4, 1, 824),
(3465, 4, 2, 825),
(3466, 4, 1, 826),
(3467, 4, 1, 827),
(3468, 4, 1, 828),
(3469, 4, 1, 829),
(3470, 4, 3, 830),
(3471, 4, 1, 831),
(3472, 4, 3, 832),
(3473, 4, 2, 833),
(3474, 4, 1, 834),
(3475, 4, 1, 835),
(3476, 4, 1, 836),
(3477, 4, 1, 837),
(3478, 4, 8, 838),
(3479, 4, 1, 839),
(3480, 4, 2, 840),
(3481, 4, 2, 841),
(3482, 4, 2, 842),
(3483, 4, 2, 843),
(3484, 4, 2, 844),
(3485, 4, 2, 845),
(3486, 4, 2, 846),
(3487, 4, 2, 847),
(3488, 4, 2, 848),
(3489, 4, 2, 849),
(3490, 4, 2, 850),
(3491, 4, 2, 851),
(3492, 4, 2, 852),
(3493, 4, 2, 853),
(3494, 4, 2, 854),
(3495, 4, 2, 855),
(3496, 4, 2, 856),
(3497, 4, 2, 857),
(3498, 4, 2, 858),
(3499, 4, 2, 859),
(3500, 4, 2, 860),
(3501, 4, 2, 861),
(3502, 4, 2, 862),
(3503, 4, 2, 863),
(3504, 4, 2, 864),
(3505, 4, 2, 865),
(3506, 4, 2, 866),
(3507, 4, 2, 867),
(3508, 4, 2, 868),
(3509, 4, 2, 869),
(3510, 4, 2, 870),
(3511, 4, 2, 871),
(3512, 4, 2, 872),
(3513, 4, 2, 873),
(3514, 4, 2, 874),
(3515, 4, 2, 875),
(3516, 4, 2, 876),
(3517, 4, 2, 877),
(3518, 4, 2, 878),
(3519, 4, 2, 879),
(3520, 4, 2, 880),
(3521, 5, 2, 1),
(3522, 5, 2, 2),
(3523, 5, 2, 3),
(3524, 5, 2, 4),
(3525, 5, 2, 5),
(3526, 5, 2, 6),
(3527, 5, 2, 7),
(3528, 5, 2, 8),
(3529, 5, 2, 9),
(3530, 5, 2, 10),
(3531, 5, 2, 11),
(3532, 5, 2, 12),
(3533, 5, 2, 13),
(3534, 5, 2, 14),
(3535, 5, 2, 15),
(3536, 5, 2, 16),
(3537, 5, 2, 17),
(3538, 5, 2, 18),
(3539, 5, 2, 19),
(3540, 5, 2, 20),
(3541, 5, 2, 21),
(3542, 5, 2, 22),
(3543, 5, 2, 23),
(3544, 5, 2, 24),
(3545, 5, 2, 25),
(3546, 5, 2, 26),
(3547, 5, 2, 27),
(3548, 5, 2, 28),
(3549, 5, 2, 29),
(3550, 5, 2, 30),
(3551, 5, 2, 31),
(3552, 5, 2, 32),
(3553, 5, 2, 33),
(3554, 5, 2, 34),
(3555, 5, 2, 35),
(3556, 5, 2, 36),
(3557, 5, 2, 37),
(3558, 5, 2, 38),
(3559, 5, 2, 39),
(3560, 5, 2, 40),
(3561, 5, 2, 41),
(3562, 5, 3, 42),
(3563, 5, 1, 43),
(3564, 5, 2, 44),
(3565, 5, 2, 45),
(3566, 5, 1, 46),
(3567, 5, 2, 47),
(3568, 5, 3, 48),
(3569, 5, 3, 49),
(3570, 5, 1, 50),
(3571, 5, 1, 51),
(3572, 5, 1, 52),
(3573, 5, 1, 53),
(3574, 5, 1, 54),
(3575, 5, 3, 55),
(3576, 5, 2, 56),
(3577, 5, 3, 57),
(3578, 5, 1, 58),
(3579, 5, 1, 59),
(3580, 5, 3, 60),
(3581, 5, 1, 61),
(3582, 5, 1, 62),
(3583, 5, 1, 63),
(3584, 5, 1, 64),
(3585, 5, 2, 65),
(3586, 5, 1, 66),
(3587, 5, 1, 67),
(3588, 5, 1, 68),
(3589, 5, 3, 69),
(3590, 5, 1, 70),
(3591, 5, 1, 71),
(3592, 5, 1, 72),
(3593, 5, 1, 73),
(3594, 5, 1, 74),
(3595, 5, 3, 75),
(3596, 5, 2, 76),
(3597, 5, 1, 77),
(3598, 5, 4, 78),
(3599, 5, 1, 79),
(3600, 5, 2, 80),
(3601, 5, 2, 81),
(3602, 5, 1, 82),
(3603, 5, 1, 83),
(3604, 5, 5, 84),
(3605, 5, 2, 85),
(3606, 5, 1, 86),
(3607, 5, 4, 87),
(3608, 5, 1, 88),
(3609, 5, 3, 89),
(3610, 5, 1, 90),
(3611, 5, 1, 91),
(3612, 5, 1, 92),
(3613, 5, 1, 93),
(3614, 5, 1, 94),
(3615, 5, 2, 95),
(3616, 5, 2, 96),
(3617, 5, 2, 97),
(3618, 5, 1, 98),
(3619, 5, 1, 99),
(3620, 5, 2, 100),
(3621, 5, 1, 101),
(3622, 5, 3, 102),
(3623, 5, 1, 103),
(3624, 5, 1, 104),
(3625, 5, 1, 105),
(3626, 5, 1, 106),
(3627, 5, 3, 107),
(3628, 5, 1, 108),
(3629, 5, 1, 109),
(3630, 5, 3, 110),
(3631, 5, 1, 111),
(3632, 5, 3, 112),
(3633, 5, 1, 113),
(3634, 5, 1, 114),
(3635, 5, 1, 115),
(3636, 5, 2, 116),
(3637, 5, 1, 117),
(3638, 5, 2, 118),
(3639, 5, 3, 119),
(3640, 5, 2, 120),
(3641, 5, 2, 121),
(3642, 5, 1, 122),
(3643, 5, 1, 123),
(3644, 5, 1, 124),
(3645, 5, 1, 125),
(3646, 5, 2, 126),
(3647, 5, 1, 127),
(3648, 5, 1, 128),
(3649, 5, 3, 129),
(3650, 5, 4, 130),
(3651, 5, 1, 131),
(3652, 5, 1, 132),
(3653, 5, 1, 133),
(3654, 5, 1, 134),
(3655, 5, 1, 135),
(3656, 5, 1, 136),
(3657, 5, 1, 137),
(3658, 5, 2, 138),
(3659, 5, 1, 139),
(3660, 5, 1, 140),
(3661, 5, 1, 141),
(3662, 5, 1, 142),
(3663, 5, 1, 143),
(3664, 5, 3, 144),
(3665, 5, 1, 145),
(3666, 5, 2, 146),
(3667, 5, 2, 147),
(3668, 5, 3, 148),
(3669, 5, 1, 149),
(3670, 5, 1, 150),
(3671, 5, 1, 151),
(3672, 5, 1, 152),
(3673, 5, 1, 153),
(3674, 5, 1, 154),
(3675, 5, 1, 155),
(3676, 5, 2, 156),
(3677, 5, 1, 157),
(3678, 5, 2, 158),
(3679, 5, 2, 159),
(3680, 5, 2, 160),
(3681, 5, 2, 161),
(3682, 5, 4, 162),
(3683, 5, 1, 163),
(3684, 5, 2, 164),
(3685, 5, 1, 165),
(3686, 5, 1, 166),
(3687, 5, 2, 167),
(3688, 5, 3, 168),
(3689, 5, 2, 169),
(3690, 5, 3, 170),
(3691, 5, 1, 171),
(3692, 5, 1, 172),
(3693, 5, 1, 173),
(3694, 5, 1, 174),
(3695, 5, 1, 175),
(3696, 5, 1, 176),
(3697, 5, 1, 177),
(3698, 5, 2, 178),
(3699, 5, 1, 179),
(3700, 5, 1, 180),
(3701, 5, 1, 181),
(3702, 5, 3, 182),
(3703, 5, 1, 183),
(3704, 5, 1, 184),
(3705, 5, 1, 185),
(3706, 5, 1, 186),
(3707, 5, 1, 187),
(3708, 5, 1, 188),
(3709, 5, 3, 189),
(3710, 5, 1, 190),
(3711, 5, 3, 191),
(3712, 5, 3, 192),
(3713, 5, 1, 193),
(3714, 5, 1, 194),
(3715, 5, 1, 195),
(3716, 5, 1, 196),
(3717, 5, 1, 197),
(3718, 5, 1, 198),
(3719, 5, 2, 199),
(3720, 5, 2, 200),
(3721, 5, 2, 201),
(3722, 5, 3, 202),
(3723, 5, 1, 203),
(3724, 5, 2, 204),
(3725, 5, 1, 205),
(3726, 5, 1, 206),
(3727, 5, 1, 207),
(3728, 5, 2, 208),
(3729, 5, 1, 209),
(3730, 5, 1, 210),
(3731, 5, 3, 211),
(3732, 5, 1, 212),
(3733, 5, 1, 213),
(3734, 5, 1, 214),
(3735, 5, 1, 215),
(3736, 5, 1, 216),
(3737, 5, 3, 217),
(3738, 5, 1, 218),
(3739, 5, 2, 219),
(3740, 5, 2, 220),
(3741, 5, 4, 221),
(3742, 5, 1, 222),
(3743, 5, 1, 223),
(3744, 5, 1, 224),
(3745, 5, 1, 225),
(3746, 5, 1, 226),
(3747, 5, 1, 227),
(3748, 5, 1, 228),
(3749, 5, 3, 229),
(3750, 5, 1, 230),
(3751, 5, 3, 231),
(3752, 5, 3, 232),
(3753, 5, 1, 233),
(3754, 5, 1, 234),
(3755, 5, 1, 235),
(3756, 5, 1, 236),
(3757, 5, 1, 237),
(3758, 5, 1, 238),
(3759, 5, 2, 239),
(3760, 5, 2, 240),
(3761, 5, 2, 241),
(3762, 5, 3, 242),
(3763, 5, 3, 243),
(3764, 5, 1, 244),
(3765, 5, 1, 245),
(3766, 5, 3, 246),
(3767, 5, 1, 247),
(3768, 5, 1, 248),
(3769, 5, 1, 249),
(3770, 5, 1, 250),
(3771, 5, 2, 251),
(3772, 5, 1, 252),
(3773, 5, 1, 253),
(3774, 5, 1, 254),
(3775, 5, 3, 255),
(3776, 5, 1, 256),
(3777, 5, 1, 257),
(3778, 5, 1, 258),
(3779, 5, 1, 259),
(3780, 5, 1, 260),
(3781, 5, 1, 261),
(3782, 5, 3, 262),
(3783, 5, 1, 263),
(3784, 5, 3, 264),
(3785, 5, 3, 265),
(3786, 5, 1, 266),
(3787, 5, 1, 267),
(3788, 5, 1, 268),
(3789, 5, 1, 269),
(3790, 5, 1, 270),
(3791, 5, 1, 271),
(3792, 5, 3, 272),
(3793, 5, 1, 273),
(3794, 5, 1, 274),
(3795, 5, 4, 275),
(3796, 5, 2, 276),
(3797, 5, 2, 277),
(3798, 5, 1, 278),
(3799, 5, 1, 279),
(3800, 5, 2, 280),
(3801, 5, 2, 281),
(3802, 5, 1, 282),
(3803, 5, 1, 283),
(3804, 5, 3, 284),
(3805, 5, 1, 285),
(3806, 5, 2, 286),
(3807, 5, 2, 287),
(3808, 5, 1, 288),
(3809, 5, 1, 289),
(3810, 5, 3, 290),
(3811, 5, 1, 291),
(3812, 5, 3, 292),
(3813, 5, 3, 293),
(3814, 5, 1, 294),
(3815, 5, 1, 295),
(3816, 5, 1, 296),
(3817, 5, 2, 297),
(3818, 5, 1, 298),
(3819, 5, 1, 299),
(3820, 5, 1, 300),
(3821, 5, 1, 301),
(3822, 5, 3, 302),
(3823, 5, 1, 303),
(3824, 5, 3, 304),
(3825, 5, 3, 305),
(3826, 5, 1, 306),
(3827, 5, 1, 307),
(3828, 5, 1, 308),
(3829, 5, 1, 309),
(3830, 5, 1, 310),
(3831, 5, 1, 311),
(3832, 5, 2, 312),
(3833, 5, 1, 313),
(3834, 5, 1, 314),
(3835, 5, 3, 315),
(3836, 5, 1, 316),
(3837, 5, 2, 317),
(3838, 5, 1, 318),
(3839, 5, 3, 319),
(3840, 5, 2, 320),
(3841, 5, 2, 321),
(3842, 5, 1, 322),
(3843, 5, 1, 323),
(3844, 5, 2, 324),
(3845, 5, 1, 325),
(3846, 5, 1, 326),
(3847, 5, 1, 327),
(3848, 5, 4, 328),
(3849, 5, 1, 329),
(3850, 5, 1, 330),
(3851, 5, 1, 331),
(3852, 5, 1, 332),
(3853, 5, 1, 333),
(3854, 5, 1, 334),
(3855, 5, 4, 335),
(3856, 5, 1, 336),
(3857, 5, 3, 337),
(3858, 5, 1, 338),
(3859, 5, 1, 339),
(3860, 5, 2, 340),
(3861, 5, 2, 341),
(3862, 5, 3, 342),
(3863, 5, 1, 343),
(3864, 5, 1, 344),
(3865, 5, 3, 345),
(3866, 5, 1, 346),
(3867, 5, 2, 347),
(3868, 5, 1, 348),
(3869, 5, 2, 349),
(3870, 5, 3, 350),
(3871, 5, 1, 351),
(3872, 5, 1, 352),
(3873, 5, 2, 353),
(3874, 5, 3, 354),
(3875, 5, 1, 355),
(3876, 5, 1, 356),
(3877, 5, 4, 357),
(3878, 5, 1, 358),
(3879, 5, 3, 359),
(3880, 5, 2, 360),
(3881, 5, 2, 361),
(3882, 5, 3, 362),
(3883, 5, 1, 363),
(3884, 5, 3, 364),
(3885, 5, 1, 365),
(3886, 5, 1, 366),
(3887, 5, 1, 367),
(3888, 5, 1, 368),
(3889, 5, 2, 369),
(3890, 5, 1, 370),
(3891, 5, 2, 371),
(3892, 5, 2, 372),
(3893, 5, 1, 373),
(3894, 5, 1, 374),
(3895, 5, 4, 375),
(3896, 5, 1, 376),
(3897, 5, 3, 377),
(3898, 5, 1, 378),
(3899, 5, 1, 379),
(3900, 5, 2, 380),
(3901, 5, 2, 381),
(3902, 5, 3, 382),
(3903, 5, 1, 383),
(3904, 5, 1, 384),
(3905, 5, 3, 385),
(3906, 5, 1, 386),
(3907, 5, 1, 387),
(3908, 5, 4, 388),
(3909, 5, 1, 389),
(3910, 5, 2, 390),
(3911, 5, 1, 391),
(3912, 5, 1, 392),
(3913, 5, 1, 393),
(3914, 5, 2, 394),
(3915, 5, 1, 395),
(3916, 5, 1, 396),
(3917, 5, 3, 397),
(3918, 5, 1, 398),
(3919, 5, 2, 399),
(3920, 5, 2, 400),
(3921, 5, 2, 401),
(3922, 5, 1, 402),
(3923, 5, 3, 403),
(3924, 5, 1, 404),
(3925, 5, 2, 405),
(3926, 5, 2, 406),
(3927, 5, 1, 407),
(3928, 5, 1, 408),
(3929, 5, 1, 409),
(3930, 5, 1, 410),
(3931, 5, 1, 411),
(3932, 5, 3, 412),
(3933, 5, 3, 413),
(3934, 5, 2, 414),
(3935, 5, 3, 415),
(3936, 5, 1, 416),
(3937, 5, 1, 417),
(3938, 5, 4, 418),
(3939, 5, 1, 419),
(3940, 5, 2, 420),
(3941, 5, 1, 421),
(3942, 5, 2, 422),
(3943, 5, 3, 423),
(3944, 5, 1, 424),
(3945, 5, 1, 425),
(3946, 5, 2, 426),
(3947, 5, 3, 427),
(3948, 5, 1, 428),
(3949, 5, 1, 429),
(3950, 5, 1, 430),
(3951, 5, 2, 431),
(3952, 5, 3, 432),
(3953, 5, 1, 433),
(3954, 5, 1, 434),
(3955, 5, 4, 435),
(3956, 5, 1, 436),
(3957, 5, 3, 437),
(3958, 5, 1, 438),
(3959, 5, 1, 439),
(3960, 5, 2, 440),
(3961, 5, 2, 441),
(3962, 5, 2, 442),
(3963, 5, 1, 443),
(3964, 5, 2, 444),
(3965, 5, 2, 445),
(3966, 5, 1, 446),
(3967, 5, 1, 447),
(3968, 5, 1, 448),
(3969, 5, 1, 449),
(3970, 5, 1, 450),
(3971, 5, 1, 451),
(3972, 5, 3, 452),
(3973, 5, 3, 453),
(3974, 5, 2, 454),
(3975, 5, 3, 455),
(3976, 5, 1, 456),
(3977, 5, 1, 457),
(3978, 5, 3, 458),
(3979, 5, 1, 459),
(3980, 5, 2, 460),
(3981, 5, 1, 461),
(3982, 5, 2, 462),
(3983, 5, 2, 463),
(3984, 5, 1, 464),
(3985, 5, 1, 465),
(3986, 5, 1, 466),
(3987, 5, 2, 467),
(3988, 5, 1, 468),
(3989, 5, 1, 469),
(3990, 5, 3, 470),
(3991, 5, 1, 471),
(3992, 5, 2, 472),
(3993, 5, 2, 473),
(3994, 5, 1, 474),
(3995, 5, 1, 475),
(3996, 5, 3, 476),
(3997, 5, 1, 477),
(3998, 5, 2, 478),
(3999, 5, 2, 479),
(4000, 5, 2, 480),
(4001, 5, 2, 481),
(4002, 5, 1, 482),
(4003, 5, 2, 483),
(4004, 5, 1, 484),
(4005, 5, 3, 485),
(4006, 5, 1, 486),
(4007, 5, 3, 487),
(4008, 5, 1, 488),
(4009, 5, 2, 489),
(4010, 5, 1, 490),
(4011, 5, 1, 491),
(4012, 5, 1, 492),
(4013, 5, 2, 493),
(4014, 5, 2, 494),
(4015, 5, 3, 495),
(4016, 5, 1, 496),
(4017, 5, 1, 497),
(4018, 5, 3, 498),
(4019, 5, 1, 499),
(4020, 5, 1, 500),
(4021, 5, 1, 501),
(4022, 5, 1, 502),
(4023, 5, 2, 503),
(4024, 5, 1, 504),
(4025, 5, 1, 505),
(4026, 5, 1, 506),
(4027, 5, 3, 507),
(4028, 5, 1, 508),
(4029, 5, 1, 509),
(4030, 5, 1, 510),
(4031, 5, 1, 511),
(4032, 5, 1, 512),
(4033, 5, 2, 513),
(4034, 5, 2, 514),
(4035, 5, 1, 515),
(4036, 5, 3, 516),
(4037, 5, 1, 517),
(4038, 5, 2, 518),
(4039, 5, 2, 519),
(4040, 5, 2, 520),
(4041, 5, 2, 521),
(4042, 5, 1, 522),
(4043, 5, 2, 523),
(4044, 5, 1, 524),
(4045, 5, 3, 525),
(4046, 5, 1, 526),
(4047, 5, 3, 527),
(4048, 5, 1, 528),
(4049, 5, 2, 529),
(4050, 5, 1, 530),
(4051, 5, 4, 531),
(4052, 5, 1, 532),
(4053, 5, 2, 533),
(4054, 5, 1, 534),
(4055, 5, 2, 535),
(4056, 5, 3, 536),
(4057, 5, 1, 537),
(4058, 5, 1, 538),
(4059, 5, 2, 539),
(4060, 5, 3, 540),
(4061, 5, 1, 541),
(4062, 5, 1, 542),
(4063, 5, 1, 543),
(4064, 5, 1, 544),
(4065, 5, 3, 545),
(4066, 5, 1, 546),
(4067, 5, 1, 547),
(4068, 5, 3, 548),
(4069, 5, 1, 549),
(4070, 5, 3, 550),
(4071, 5, 3, 551),
(4072, 5, 1, 552),
(4073, 5, 1, 553),
(4074, 5, 1, 554),
(4075, 5, 1, 555),
(4076, 5, 2, 556),
(4077, 5, 1, 557),
(4078, 5, 1, 558),
(4079, 5, 1, 559),
(4080, 5, 2, 560),
(4081, 5, 2, 561),
(4082, 5, 2, 562),
(4083, 5, 1, 563),
(4084, 5, 1, 564),
(4085, 5, 2, 565),
(4086, 5, 3, 566),
(4087, 5, 2, 567),
(4088, 5, 3, 568),
(4089, 5, 1, 569),
(4090, 5, 1, 570),
(4091, 5, 3, 571),
(4092, 5, 1, 572),
(4093, 5, 1, 573),
(4094, 5, 1, 574),
(4095, 5, 1, 575),
(4096, 5, 2, 576),
(4097, 5, 1, 577),
(4098, 5, 1, 578),
(4099, 5, 1, 579),
(4100, 5, 4, 580),
(4101, 5, 1, 581),
(4102, 5, 1, 582),
(4103, 5, 1, 583),
(4104, 5, 2, 584),
(4105, 5, 1, 585),
(4106, 5, 3, 586),
(4107, 5, 2, 587),
(4108, 5, 1, 588),
(4109, 5, 1, 589),
(4110, 5, 1, 590),
(4111, 5, 1, 591),
(4112, 5, 1, 592),
(4113, 5, 1, 593),
(4114, 5, 2, 594),
(4115, 5, 1, 595),
(4116, 5, 2, 596),
(4117, 5, 2, 597),
(4118, 5, 1, 598),
(4119, 5, 4, 599),
(4120, 5, 2, 600),
(4121, 5, 2, 601),
(4122, 5, 2, 602),
(4123, 5, 1, 603),
(4124, 5, 1, 604),
(4125, 5, 1, 605),
(4126, 5, 2, 606),
(4127, 5, 2, 607),
(4128, 5, 3, 608),
(4129, 5, 1, 609),
(4130, 5, 1, 610),
(4131, 5, 2, 611),
(4132, 5, 1, 612),
(4133, 5, 4, 613),
(4134, 5, 1, 614),
(4135, 5, 1, 615),
(4136, 5, 1, 616),
(4137, 5, 2, 617),
(4138, 5, 3, 618),
(4139, 5, 1, 619),
(4140, 5, 1, 620),
(4141, 5, 3, 621),
(4142, 5, 1, 622),
(4143, 5, 3, 623),
(4144, 5, 1, 624),
(4145, 5, 1, 625),
(4146, 5, 1, 626),
(4147, 5, 3, 627),
(4148, 5, 1, 628),
(4149, 5, 2, 629),
(4150, 5, 3, 630),
(4151, 5, 1, 631),
(4152, 5, 1, 632),
(4153, 5, 1, 633),
(4154, 5, 1, 634),
(4155, 5, 1, 635),
(4156, 5, 1, 636),
(4157, 5, 2, 637),
(4158, 5, 1, 638),
(4159, 5, 1, 639),
(4160, 5, 2, 640),
(4161, 5, 2, 641),
(4162, 5, 2, 642),
(4163, 5, 1, 643),
(4164, 5, 4, 644),
(4165, 5, 1, 645),
(4166, 5, 1, 646),
(4167, 5, 1, 647),
(4168, 5, 1, 648),
(4169, 5, 3, 649),
(4170, 5, 1, 650),
(4171, 5, 2, 651),
(4172, 5, 2, 652),
(4173, 5, 1, 653),
(4174, 5, 1, 654),
(4175, 5, 3, 655),
(4176, 5, 1, 656),
(4177, 5, 2, 657),
(4178, 5, 2, 658),
(4179, 5, 3, 659),
(4180, 5, 1, 660),
(4181, 5, 1, 661),
(4182, 5, 1, 662),
(4183, 5, 1, 663),
(4184, 5, 1, 664),
(4185, 5, 1, 665),
(4186, 5, 1, 666),
(4187, 5, 3, 667),
(4188, 5, 1, 668),
(4189, 5, 2, 669),
(4190, 5, 3, 670),
(4191, 5, 1, 671),
(4192, 5, 1, 672),
(4193, 5, 1, 673),
(4194, 5, 1, 674),
(4195, 5, 1, 675),
(4196, 5, 1, 676),
(4197, 5, 2, 677),
(4198, 5, 1, 678),
(4199, 5, 1, 679),
(4200, 5, 2, 680),
(4201, 5, 2, 681),
(4202, 5, 1, 682),
(4203, 5, 1, 683),
(4204, 5, 3, 684),
(4205, 5, 1, 685),
(4206, 5, 1, 686),
(4207, 5, 1, 687),
(4208, 5, 1, 688),
(4209, 5, 2, 689),
(4210, 5, 1, 690),
(4211, 5, 1, 691),
(4212, 5, 1, 692),
(4213, 5, 3, 693),
(4214, 5, 1, 694),
(4215, 5, 1, 695),
(4216, 5, 1, 696),
(4217, 5, 1, 697),
(4218, 5, 1, 698),
(4219, 5, 1, 699),
(4220, 5, 3, 700),
(4221, 5, 1, 701),
(4222, 5, 3, 702),
(4223, 5, 3, 703),
(4224, 5, 1, 704),
(4225, 5, 1, 705),
(4226, 5, 1, 706),
(4227, 5, 1, 707),
(4228, 5, 1, 708),
(4229, 5, 1, 709),
(4230, 5, 2, 710),
(4231, 5, 1, 711),
(4232, 5, 1, 712),
(4233, 5, 3, 713),
(4234, 5, 1, 714),
(4235, 5, 2, 715),
(4236, 5, 1, 716),
(4237, 5, 1, 717),
(4238, 5, 1, 718),
(4239, 5, 2, 719),
(4240, 5, 2, 720),
(4241, 5, 2, 721),
(4242, 5, 3, 722),
(4243, 5, 1, 723),
(4244, 5, 2, 724),
(4245, 5, 2, 725),
(4246, 5, 1, 726),
(4247, 5, 1, 727),
(4248, 5, 3, 728),
(4249, 5, 1, 729),
(4250, 5, 2, 730),
(4251, 5, 2, 731),
(4252, 5, 1, 732),
(4253, 5, 1, 733),
(4254, 5, 1, 734),
(4255, 5, 2, 735),
(4256, 5, 1, 736),
(4257, 5, 1, 737),
(4258, 5, 1, 738),
(4259, 5, 1, 739),
(4260, 5, 3, 740),
(4261, 5, 1, 741),
(4262, 5, 3, 742),
(4263, 5, 3, 743),
(4264, 5, 1, 744),
(4265, 5, 1, 745),
(4266, 5, 1, 746),
(4267, 5, 1, 747),
(4268, 5, 1, 748),
(4269, 5, 1, 749),
(4270, 5, 2, 750),
(4271, 5, 1, 751),
(4272, 5, 1, 752),
(4273, 5, 3, 753),
(4274, 5, 4, 754),
(4275, 5, 1, 755),
(4276, 5, 1, 756),
(4277, 5, 3, 757),
(4278, 5, 1, 758),
(4279, 5, 1, 759),
(4280, 5, 2, 760),
(4281, 5, 2, 761),
(4282, 5, 2, 762),
(4283, 5, 1, 763),
(4284, 5, 1, 764),
(4285, 5, 1, 765),
(4286, 5, 3, 766),
(4287, 5, 1, 767),
(4288, 5, 1, 768),
(4289, 5, 1, 769),
(4290, 5, 1, 770),
(4291, 5, 1, 771),
(4292, 5, 1, 772),
(4293, 5, 3, 773),
(4294, 5, 1, 774),
(4295, 5, 3, 775),
(4296, 5, 4, 776),
(4297, 5, 1, 777),
(4298, 5, 1, 778),
(4299, 5, 1, 779),
(4300, 5, 1, 780),
(4301, 5, 1, 781),
(4302, 5, 1, 782),
(4303, 5, 3, 783),
(4304, 5, 1, 784),
(4305, 5, 1, 785),
(4306, 5, 1, 786),
(4307, 5, 2, 787),
(4308, 5, 2, 788),
(4309, 5, 1, 789),
(4310, 5, 1, 790),
(4311, 5, 2, 791),
(4312, 5, 3, 792),
(4313, 5, 1, 793),
(4314, 5, 1, 794),
(4315, 5, 4, 795),
(4316, 5, 1, 796),
(4317, 5, 2, 797),
(4318, 5, 1, 798),
(4319, 5, 1, 799),
(4320, 5, 2, 800),
(4321, 5, 2, 801),
(4322, 5, 3, 802),
(4323, 5, 3, 803),
(4324, 5, 1, 804),
(4325, 5, 1, 805),
(4326, 5, 1, 806),
(4327, 5, 2, 807),
(4328, 5, 1, 808),
(4329, 5, 1, 809),
(4330, 5, 1, 810),
(4331, 5, 1, 811),
(4332, 5, 1, 812),
(4333, 5, 3, 813),
(4334, 5, 1, 814),
(4335, 5, 3, 815),
(4336, 5, 4, 816),
(4337, 5, 1, 817),
(4338, 5, 1, 818),
(4339, 5, 1, 819),
(4340, 5, 1, 820),
(4341, 5, 1, 821),
(4342, 5, 1, 822),
(4343, 5, 2, 823),
(4344, 5, 1, 824),
(4345, 5, 1, 825),
(4346, 5, 1, 826),
(4347, 5, 1, 827),
(4348, 5, 2, 828),
(4349, 5, 4, 829),
(4350, 5, 1, 830),
(4351, 5, 4, 831),
(4352, 5, 1, 832),
(4353, 5, 3, 833),
(4354, 5, 2, 834),
(4355, 5, 1, 835),
(4356, 5, 3, 836),
(4357, 5, 1, 837),
(4358, 5, 1, 838),
(4359, 5, 1, 839),
(4360, 5, 2, 840),
(4361, 5, 2, 841),
(4362, 5, 2, 842),
(4363, 5, 2, 843),
(4364, 5, 2, 844),
(4365, 5, 2, 845),
(4366, 5, 2, 846),
(4367, 5, 2, 847),
(4368, 5, 2, 848),
(4369, 5, 2, 849),
(4370, 5, 2, 850),
(4371, 5, 2, 851),
(4372, 5, 2, 852),
(4373, 5, 2, 853),
(4374, 5, 2, 854),
(4375, 5, 2, 855),
(4376, 5, 2, 856),
(4377, 5, 2, 857),
(4378, 5, 2, 858),
(4379, 5, 2, 859),
(4380, 5, 2, 860),
(4381, 5, 2, 861),
(4382, 5, 2, 862),
(4383, 5, 2, 863),
(4384, 5, 2, 864),
(4385, 5, 2, 865),
(4386, 5, 2, 866),
(4387, 5, 2, 867),
(4388, 5, 2, 868),
(4389, 5, 2, 869),
(4390, 5, 2, 870),
(4391, 5, 2, 871),
(4392, 5, 2, 872),
(4393, 5, 2, 873),
(4394, 5, 2, 874),
(4395, 5, 2, 875),
(4396, 5, 2, 876),
(4397, 5, 2, 877),
(4398, 5, 2, 878),
(4399, 5, 2, 879),
(4400, 5, 2, 880);